261120835,-6.043832,1.0370435,4.806804
261120845,-6.2258534,0.8705896,4.89542
261120855,-6.2078905,0.69216067,5.163662
261120865,-6.411467,0.64066774,5.6785913
261120874,-6.7503624,0.6167175,5.8965383
261120884,-6.894064,0.83346677,6.192323
261120894,-7.1706886,0.68976563,6.5060706
261120904,-7.0904555,0.5664221,6.547983
261120914,-7.242539,0.31015503,6.525231
261120924,-7.1730833,0.26345214,6.5503783
261120934,-6.844966,0.18681152,6.533613
261120944,-6.6773143,0.5891748,6.791078
261120954,-6.6401916,0.9460327,6.7826953
261120964,-6.6773143,1.0298584,7.0641103
261120973,-6.7383876,0.70174074,7.1072206
261120983,-6.828201,0.4179309,7.198231
261120993,-6.810238,0.4035608,7.291637
261121003,-6.939569,0.53049684,7.085665
261121013,-7.010222,0.60833496,6.884484
261121023,-6.9994445,0.94842774,6.197113
261121033,-6.9443593,0.5029541,5.8187
261121043,-6.4066772,0.17124389,6.029462
261121053,-6.143225,0.33171022,6.218668
261121062,-5.962401,0.5412744,6.5695386
261121072,-5.621111,0.3065625,7.1850586
261121082,-5.4259167,-0.14968872,7.4030056
261121092,-5.1037865,-0.24189697,7.543114
261121102,-4.9205675,0.0119750975,7.1611085
261121112,-4.6738806,-0.15687378,6.873706
261121122,-4.493057,-0.05149292,6.6186366
261121132,-4.670288,-1.1100916,6.6306114
261121142,-4.687053,-1.4166541,6.891669
261121151,-4.8570995,-1.2705579,6.9443593
261121161,-4.543352,-0.76161623,6.667734
261121171,-4.4715014,-0.1592688,5.835465
261121181,-4.3864784,-0.41912842,5.285808
261121191,-3.9469922,-1.3004956,5.039121
261121201,-4.242777,-1.6896863,4.5445495
261121211,-4.142186,-2.3531067,5.0582814
261121221,-3.8392162,-2.9841943,5.6163206
261121231,-4.3206153,-3.9074743,6.916816
261121240,-4.2511597,-3.810476,7.010222
261121250,-4.094286,-3.1494508,6.180348
261121260,-3.9194496,-2.222578,4.198469
261121270,-3.1183155,-1.8226099,2.5195606
261121280,-2.9638367,-1.8022522,1.5507752
261121290,-3.6260595,-2.3459215,1.6346009
261121300,-3.5446289,-3.9050794,1.6992663
261121310,-3.8883142,-6.036647,2.7231371
261121320,-4.287085,-7.6796303,3.441643
261121330,-4.60682,-8.623268,3.4596057
261121339,-4.58287,-9.001681,2.5878186
261121349,-3.8679566,-9.038804,1.3388159
261121359,-3.5170863,-9.489067,1.5663428
261121369,-3.4763708,-9.887838,2.3447242
261121379,-4.042793,-11.496094,3.0320947
261121389,-4.4319835,-12.972623,3.3841627
261121399,-4.9217653,-12.206217,2.494413
261121409,-4.6810656,-10.481803,1.353186
261121419,-3.7242553,-10.571616,0.66821045
261121428,-4.2583447,-11.496094,0.305365
261121438,-4.782854,-12.0816765,0.18202148
261121448,-5.322931,-11.215877,-0.791554
261121458,-5.0558863,-10.050699,-1.2430152
261121468,-4.9996033,-10.299782,-2.010619
261121478,-5.8474402,-10.529703,-2.6177564
261121488,-6.1456203,-10.275831,-2.0824695
261121498,-6.084547,-10.380014,-2.6069787
261121508,-6.373147,-9.647139,-3.1698084
261121517,-6.2989016,-9.193282,-3.5458264
261121532,-6.065387,-8.93462,-3.8679566
261121542,-6.082152,-8.528665,-4.096681
261121552,-5.7707996,-7.9861927,-4.460724
261121562,-5.9001307,-8.028106,-5.0894165
261121572,-6.14083,-9.170529,-3.7074902
261121582,-8.715476,-9.946516,-2.6081762
261121591,-7.9370947,-9.1621475,-1.84177
261121601,-6.4641576,-8.776549,-2.3686743
261121611,-6.7755103,-8.763376,-3.2105236
261121621,-7.547904,-9.395661,-4.707411
261121631,-7.274872,-9.399254,-6.3204565
261121641,-6.7036595,-8.576565,-6.7276096
261121651,-6.276149,-8.010143,-7.7742333
261121661,-6.5216384,-7.4832387,-6.927594
261121671,-6.524033,-8.04487,-5.901328
261121680,-6.589896,-7.8089614,-4.7469287
261121690,-6.421047,-7.6808276,-2.877616
261121700,-5.7779846,-7.749086,-2.738705
261121710,-4.5529323,-7.2557116,-3.5386415
261121720,-4.309838,-6.9766917,-3.8931043
261121730,-4.3146276,-7.316785,-3.766168
261121740,-4.267925,-7.547904,-4.269122
261121750,-4.2715173,-6.894064,-4.7601013
261121759,-4.445156,-5.8905506,-3.263214
261121769,-4.60203,-5.779182,-1.9435583
261121779,-4.5469446,-5.344486,-0.8083191
261121789,-4.655918,-5.5097423,0.24429199
261121799,-4.9217653,-5.367239,0.49576905
261121809,-5.20797,-5.7073317,0.41074586
261121819,-5.3540664,-6.873706,0.2838098
261121829,-5.8654027,-7.667655,-0.6861731
261121839,-6.1204724,-7.4401283,-1.0837463
261121849,-6.221063,-7.1539235,-1.968706
261121858,-6.342012,-7.508386,-3.0895753
261121868,-6.9826794,-8.646021,-4.7529163
261121878,-7.515571,-7.611372,-6.5994763
261121888,-7.8544664,-7.6784325,-8.855585
261121898,-7.8053684,-8.177794,-9.599238
261121908,-7.8161464,-7.5419164,-9.684261
261121918,-7.8592567,-7.3443274,-10.424322
261121928,-7.95865,-8.301138,-11.464958
261121938,-7.515571,-9.335786,-10.223141
261121947,-9.371712,-12.063713,-8.505912
261121957,-8.947793,-9.254355,-8.63644
261121967,-7.946675,-7.2652917,-9.444759
261121977,-6.4881077,-6.4018874,-9.233997
261121987,-6.13604,-6.791078,-7.867639
261121997,-6.7503624,-8.244855,-5.21276
261122007,-7.122788,-7.8424916,-4.9529004
261122017,-6.285729,-7.486831,-1.4908997
261122027,-3.615282,-7.0820727,2.2405407
261122036,-3.4811609,-7.5287437,4.9552956
261122046,-1.8357825,-6.091732,7.420968
261122056,-0.38559815,-4.8738647,8.220904
261122066,-0.123343505,-4.756509,7.3263645
261122076,-1.1759546,-5.17444,5.572013
261122086,-2.2249732,-5.518125,5.7133193
261122096,-3.3087194,-7.4006104,4.0679407
261122106,-3.869154,-10.419533,3.3482373
261122116,-4.5469446,-10.853031,4.093088
261122125,-4.493057,-9.7321615,2.6800268
261122135,-4.89063,-8.998089,0.68497556
261122145,-7.388635,-8.683144,-0.31374756
261122155,-8.156239,-8.63644,-0.95321774
261122165,-7.3515124,-8.004155,-4.1314087
261122175,-8.517887,-7.4832387,-7.7610607
261122185,-9.801618,-8.345446,-9.469907
261122195,-8.835227,-9.107061,-12.294833
261122205,-9.186097,-10.75244,-12.105626
261122214,-9.830358,-11.138039,-11.327245
261122224,-9.471105,-10.962005,-9.0004835
261122234,-9.541758,-10.977572,-8.207732
261122244,-9.244776,-9.280701,-7.4389305
261122254,-8.982521,-8.509504,-7.012617
261122264,-8.074808,-7.3838453,-5.533693
261122274,-7.6784325,-6.7108445,-3.2153137
261122284,-7.486831,-6.3204565,-1.6046631
261122294,-7.8963795,-6.6246243,-0.81670165
261122303,-8.60291,-8.604108,0.31494507
261122313,-6.7120423,-7.7766285,1.4489868
261122323,-5.9468336,-5.9444385,1.8824854
261122339,-5.1037865,-4.4487486,3.3662
261122349,-3.7314405,-3.69312,4.296665
261122359,-3.5362463,-3.766168,4.9085927
261122369,-3.6380346,-3.1362782,5.988746
261122379,-3.075205,-2.0010388,6.986272
261122389,-2.4249573,-1.848955,7.8077636
261122398,-3.7170703,-4.5684996,7.6413097
261122408,-4.60682,-7.098838,7.494016
261122418,-5.606741,-9.727372,5.6390734
261122428,-4.9792457,-10.051897,5.916896
261122438,-5.3193383,-9.835148,4.2020617
261122448,-6.0055113,-8.800499,2.1255798
261122458,-5.6163206,-7.387438,1.4226416
261122468,-5.8737855,-7.2796617,1.6669335
261122478,-5.556445,-6.852151,1.8190173
261122488,-5.83786,-7.436536,-0.039517824
261122497,-7.004235,-8.264015,-0.24548951
261122507,-7.2173915,-9.7956295,0.38559815
261122517,-6.4869103,-11.201507,-0.124541014
261122527,-7.401808,-13.042079,-1.0681787
261122537,-8.60291,-13.73424,-1.0394385
261122547,-8.619676,-13.839621,-0.09460327
261122557,-8.635242,-14.263538,1.8321899
261122567,-8.693921,-13.851596,3.3973353
261122577,-9.020841,-13.881534,4.8750625
261122586,-8.346643,-13.175002,6.0198817
261122596,-6.5036755,-9.3453665,6.5719337
261122606,-5.47741,-4.460724,5.659431
261122616,-4.6571155,1.1220666,5.316943
261122626,-4.756509,3.5015185,5.9707837
261122636,-5.3289185,1.355581,7.1072206
261122646,-5.3289185,-0.65623534,7.3563023
261122656,-5.7767873,1.3915063,7.3658824
261122666,-6.0246716,-0.1951941,6.9587293
261122675,-5.9528213,-3.861969,6.3360243
261122685,-5.9755735,-4.691843,5.769602
261122695,-5.5636306,-2.6117687,4.8870373
261122705,-4.6403503,-0.14370117,3.920647
261122715,-2.2764661,2.9075537,1.8513501
261122725,-2.4225624,6.1252623,-0.73048097
261122735,-2.7075696,1.5998731,-4.905
261122745,-2.4800427,-3.497926,-5.013973
261122755,-4.336183,-6.598279,-4.1314087
261122764,-7.1850586,-8.774154,-1.7866845
261122774,-7.3048096,-10.360854,1.5376025
261122784,-7.2640944,-11.693683,6.4306273
261122794,-7.9646373,-12.255315,6.2713585
261122804,-4.9445176,-7.225774,0.35087037
261122814,-4.790039,-3.194956,-3.925437
261122824,-6.171965,-3.7673657,-5.5995555
261122834,-5.8270826,-4.2583447,-4.533772
261122844,-6.5503783,-5.540878,-5.0283437
261122854,-6.8796935,-7.5754466,-6.2641735
261122863,-7.066505,-8.28078,-5.1612673
261122873,-6.6569567,-7.0868626,-1.6729212
261122883,-4.27511,-7.68442,-5.076244
261122893,-4.2319994,-10.092612,-9.350156
261122903,-2.9398866,-8.851993,-11.347603
261122913,-2.8452833,-7.3095994,-11.943962
261122923,-5.20318,-12.042158,-8.754993
261122933,-7.037765,-17.933907,-7.2066135
261122943,-6.2474084,-16.767532,-6.4725404
261122952,-5.1145644,-11.063793,-7.613767
261122962,-3.69312,-5.9049206,-8.981323
261122972,-5.2426977,-6.6892896,-5.5636306
261122982,-5.647456,-10.212363,-6.676117
261122992,-4.792434,-7.932305,-7.0581226
261123006,-5.5265074,-4.827162,-6.7407823
261123016,-5.8666005,-4.6175976,-7.3095994
261123026,-7.191046,-6.0641894,-7.891589
261123036,-7.4724607,-6.377937,-6.653364
261123046,-7.0700974,-6.604266,-7.69879
261123056,-6.40548,-4.811594,-8.686736
261123066,-5.8019347,-2.0621119,-9.344169
261123076,-5.283413,-0.53049684,-8.042476
261123086,-4.678671,-1.0238708,-8.854387
261123095,-4.648733,-2.9662316,-8.889115
261123105,-5.605543,-5.5133348,-8.516689
261123115,-6.43422,-6.0905347,-9.182505
261123125,-6.1132874,-4.55892,-8.911868
261123135,-5.908513,-3.9398072,-8.438851
261123145,-5.798342,-5.022356,-7.835306
261123155,-6.043832,-5.4798045,-7.653285
261123165,-6.082152,-4.4966493,-8.279583
261123175,-5.7935524,-3.4332604,-8.309521
261123184,-5.4462743,-3.3482373,-8.202942
261123194,-4.5421543,-2.6141639,-7.0653076
261123204,-5.0750465,-3.3470397,-7.941885
261123214,-6.2474084,-4.59245,-9.081914
261123224,-7.101233,-5.5612354,-9.077124
261123234,-6.546786,-4.228407,-9.928554
261123244,-5.811515,-2.6931994,-9.365724
261123254,-5.3145485,-1.6621436,-8.90109
261123264,-5.51573,-0.9304651,-9.508227
261123273,-6.149213,-0.009580079,-10.139316
261123283,-6.558761,-0.2969824,-9.8028145
261123293,-4.1170387,-1.1855347,-7.3706727
261123303,-5.2822156,-3.06323,-7.2461314
261123313,-5.879773,-5.7516394,-6.6162415
261123323,-6.4066772,-6.2881236,-7.1838613
261123333,-5.5312977,-4.301455,-7.9119473
261123343,-5.124144,-1.9399658,-7.9909825
261123353,-5.031936,-1.9806812,-7.3191795
261123362,-5.654641,-3.2332764,-7.3682775
261123372,-6.1061025,-3.4308655,-7.789801
261123382,-5.567223,-2.8321106,-8.7825365
261123392,-5.7564297,-1.9878662,-8.652008
261123402,-5.910908,-2.75547,-8.582553
261123412,-6.201903,-3.822451,-8.151449
261123422,-5.748047,-4.111051,-7.597002
261123432,-6.0426345,-4.196074,-9.241183
261123442,-6.575526,-0.83825684,-10.13213
261123451,-4.700226,0.9627979,-9.260343
261123461,-5.358856,-1.5388,-9.395661
261123471,-3.8703516,-3.9290295,-4.8894324
261123481,-4.869075,-11.1955185,-5.748047
261123491,-3.0931678,-2.9722192,-6.798263
261123501,-4.4200087,0.05628296,-6.570736
261123511,-3.681145,-2.7410998,-4.1613464
261123521,-3.9829175,-2.347119,-4.8020144
261123531,-3.6955152,-0.95321774,-4.926555
261123540,-4.242777,-4.1637416,-5.180427
261123550,-5.391189,-5.965994,-5.8833656
261123560,-5.9564137,-5.4331017,-7.501201
261123570,-5.9528213,-4.685856,-8.428074
261123580,-5.9983263,-1.9519409,-9.617201
261123590,-6.3527894,-1.465752,-10.109378
261123600,-4.775669,-2.8464806,-11.567945
261123610,-6.1623855,-8.274793,-5.3061657
261123620,-2.5435107,-7.332352,-5.7276893
261123629,-5.2882032,-1.1196716,-6.791078
261123639,-5.7684045,-1.8022522,-7.4221654
261123649,-10.753637,-4.7672863,-6.629414
261123659,-7.5862246,-1.4645544,-5.7779846
261123669,-7.259304,2.271676,-6.803053
261123679,-7.364685,0.69455564,-7.274872
261123689,-7.562274,-2.3339465,-6.388715
261123699,-5.252278,-5.285808,-4.0344105
261123709,-5.7372694,-7.325167,-3.4404457
261123718,-5.9935365,-7.39582,-3.7805383
261123728,-6.5910935,-8.408914,-5.7767873
261123738,-6.7671275,-6.6773143,-9.087902
261123748,-6.4869103,-4.4331813,-10.186018
261123758,-7.115603,-4.9780483,-9.702224
261123768,-6.9599266,-6.4258375,-8.358618
261123778,-7.106023,-5.413942,-4.893025
261123788,-7.443721,-5.7193065,-3.5685792
261123798,-4.491859,-7.486831,-0.33171022
261123807,-4.764891,-10.523716,2.5494983
261123817,-7.9622426,-12.031381,0.5412744
261123827,-7.188651,-14.4802885,-3.7565882
261123837,-2.5566833,-7.019802,-6.394702
261123847,-6.9024463,-7.460486,-4.0116577
261123857,-13.964161,-13.928236,-6.3743443
261123867,-6.484515,-10.662627,-8.453221
261123877,-8.776549,-8.817265,-7.2509217
261123887,-7.0090246,-12.20502,-2.943479
261123896,-7.340735,-12.933105,1.0538086
261123906,-7.619755,-9.377699,0.74604857
261123916,-7.3203773,-8.441246,0.26584718
261123926,-5.564828,-8.411308,-2.0082238
261123936,-5.9396486,-7.8257265,-0.80113405
261123946,-6.1276574,-9.329799,1.9100281
261123956,-5.6642213,-8.477172,1.162782
261123966,-3.8763392,-5.9216857,1.0981164
261123976,-3.6500099,-6.3468018,4.390071
261123986,-3.7134778,-4.245172,6.5431933
261123995,-2.696792,-1.7890795,1.8309925
261124005,-11.70925,-9.239985,3.9266346
261124015,-5.391189,-12.454102,6.8461633
261124025,-4.463119,-5.3684363,6.5994763
261124035,-5.9037232,-4.181704,4.805607
261124045,-5.181625,-4.150569,2.931504
261124055,-7.8089614,-1.8693128,2.1782703
261124065,-5.6486535,-5.4319043,3.9278321
261124075,-6.979087,-6.1204724,6.0893373
261124084,-5.6247034,-1.1987072,4.1924815
261124094,-4.0679407,0.3915857,1.7986597
261124104,-3.979325,-1.040636,1.3783337
261124114,-4.982838,-2.3040087,1.9208057
261124124,-5.5947657,-2.5315356,1.5902929
261124134,-5.372029,-3.3003368,1.3076806
261124144,-4.731361,-6.1839404,2.1459374
261124154,-6.243816,-9.235195,2.682422
261124164,-7.4485106,-10.128537,2.389032
261124173,-7.7694435,-10.057884,2.1195922
261124183,-4.5301795,-5.5684204,-0.5676196
261124193,-4.261937,-4.069138,-0.17244141
261124203,-4.421206,-2.75068,-0.20956421
261124213,-5.5995555,-4.980443,1.971101
261124223,-5.7384667,-4.4499464,0.068258055
261124233,-5.576803,-5.1780324,-1.5160474
261124243,-7.1599107,-10.52132,4.7086086
261124253,-5.716912,-9.2256155,0.7424561
261124262,-4.9205675,-5.6582336,-2.3519092
261124272,-4.9840355,-7.5035963,-1.0789562
261124282,-5.3708315,-9.85311,0.6119275
261124292,-6.1204724,-10.479408,-0.33889526
261124302,-5.8270826,-9.466314,-1.0214758
261124312,-5.5612354,-8.790919,-1.4250367
261124322,-5.6582336,-8.653206,-1.8729053
261124332,-6.016289,-7.6796303,-1.6980689
261124342,-5.070256,-5.393584,-2.1136048
261124352,-5.1780324,-6.908434,-4.390071
261124371,-4.918173,-8.144264,-2.342329
261124381,-4.846322,-5.6019506,-3.754193
261124391,-3.4057178,-0.59755737,-2.3495142
261124401,-3.6368372,-4.575685,-9.599238
261124411,-4.484674,-7.36708,-5.264253
261124421,-8.289163,-15.03713,-5.6630235
261124430,-6.1611876,-14.214441,-6.771918
261124440,-4.687053,-10.3440895,-7.2736745
261124450,-4.406836,-6.836583,-6.76593
261124460,-4.9840355,-5.980364,-7.9514647
261124470,-4.6104126,-6.0330544,-6.993457
261124480,-5.078639,-6.470145,-6.201903
261124490,-5.621111,-6.109695,-5.926476
261124500,-6.2545934,-6.1599903,-5.5516553
261124510,-6.1959157,-6.3959,-7.7371106
261124519,-6.3851223,-6.058202,-8.5645895
261124529,-6.340814,-4.240382,-10.861414
261124539,-3.5601966,-1.4154565,-11.95953
261124549,-6.619834,-7.38624,-10.65185
261124559,-4.167334,-4.021238,-9.342971
261124569,-3.676355,-3.2081287,-9.974059
261124579,-5.2654505,-8.943003,-7.106023
261124589,-6.2809386,-10.497371,-7.3778577
261124599,-5.5360875,-5.591173,-7.470066
261124609,-5.4175344,-6.3982944,-7.470066
261124618,-5.3241286,-7.3539076,-7.891589
261124628,-5.4390893,-5.7923546,-10.073452
261124638,-6.15041,-3.7577856,-8.580157
261124648,-6.5180454,-3.6943176,-7.801776
261124658,-5.52052,-3.2620165,-8.253238
261124668,-5.2175503,-3.8895118,-8.346643
261124678,-5.2654505,-4.9696655,-8.334668
261124688,-5.9863515,-3.4069152,-9.632769
261124698,-4.6762757,0.8478369,-8.964558
261124707,-5.6330857,-3.6727624,-7.220984
261124717,-6.14083,-6.724017,-8.311915
261124727,-4.7840514,-3.98651,-7.835306
261124737,-4.8331494,-2.6764343,-8.270002
261124747,-4.7397437,-3.3063245,-7.93949
261124757,-5.2426977,-4.2080493,-8.246052
261124767,-5.1780324,-4.0751257,-8.776549
261124777,-5.701344,-3.8943017,-9.077124
261124787,-6.500083,-3.5158887,-9.528585
261124796,-5.8737855,-2.0070264,-8.441246
261124806,-5.82828,-0.8969348,-8.213719
261124816,-5.3265233,-0.7843689,-8.510702
261124826,-5.51094,-1.8633252,-8.316706
261124836,-5.349276,-2.2776635,-7.975415
261124846,-5.3708315,-2.2513185,-8.246052
261124856,-5.6558385,-2.254911,-9.322614
261124866,-5.9959316,-1.961521,-9.8590975
261124876,-6.4258375,-1.648971,-10.05549
261124886,-6.6773143,-1.9423609,-9.474697
261124895,-6.1587925,-1.7363892,-9.926159
261124905,-5.5732102,-0.92567503,-9.878258
261124915,-5.1049843,-1.0298584,-7.531139
261124925,-4.315825,-2.5830286,-8.161029
261124935,-4.4331813,-3.5254688,-8.268805
261124945,-5.346881,-4.355343,-8.59333
261124955,-6.2306433,-4.0835085,-8.606503
261124969,-5.9300685,-3.0799952,-8.735834
261124979,-5.6749988,-2.0213964,-9.075927
261124989,-6.201903,-1.6980689,-8.662786
261124999,-6.065387,-1.6741186,-8.678353
261125009,-6.1276574,-2.020199,-8.883127
261125018,-5.891748,-1.8681152,-8.547825
261125028,-6.0905347,-2.0142114,-8.563393
261125038,-6.673722,-2.2441332,-9.42081
261125048,-7.838899,-2.2129982,-10.802735
261125058,-5.988746,-2.3507116,-7.94907
261125068,-3.7853284,-1.5986755,-5.676196
261125078,-3.4524207,-2.3459215,-6.2330384
261125088,-4.8798523,-3.1841784,-7.7598634
261125098,-6.0761647,-2.586621,-8.418493
261125107,-5.8031325,-1.8058448,-8.770561
261125117,-6.4497876,-1.6561561,-8.111931
261125127,-5.1109715,-2.4333398,-7.230564
261125137,-6.133645,-2.8057654,-8.146659
261125147,-5.5193224,-3.0895753,-8.481961
261125157,-5.395979,-2.9350965,-9.253158
261125167,-5.892946,-2.5590785,-9.413624
261125177,-7.9299097,-2.4357347,-9.707014
261125187,-6.5192432,-4.0188427,-10.128537
261125197,-5.1672544,-2.2608984,-9.902208
261125206,-6.3180614,-4.387676,-9.040001
261125216,-5.9863515,-6.577921,-6.7048573
261125226,-5.0810337,-2.718347,-7.5203614
261125236,-4.254752,1.6561561,-5.82828
261125246,-3.9685473,-1.0202783,-5.3049684
261125256,-5.574408,-3.9314246,-6.0342517
261125266,-4.2415795,-2.396217,-6.45338
261125276,-4.540957,-1.1999048,-6.0390415
261125286,-5.294191,-4.1445813,-5.988746
261125295,-5.476212,-8.735834,-6.42943
261125305,-5.413942,-5.190007,-6.082152
261125315,-5.2139573,-2.8596532,-5.7145166
261125325,-5.0918117,-4.6092153,-5.548063
261125335,-5.4582496,-5.960006,-5.2235374
261125345,-6.3180614,-4.1218286,-8.844807
261125355,-6.7838926,-4.8355446,-9.687854
261125365,-6.7335973,-6.234236,-7.028185
261125375,-5.012776,-4.8499146,-7.268884
261125384,-4.9612827,-4.0116577,-5.708529
261125394,-6.1061025,-4.7601013,-5.5444703
261125404,-6.666537,-3.8583765,-10.229129
261125414,-7.2856493,-6.441405,-5.0331335
261125424,-5.3241286,-5.965994,-5.0415163
261125434,-6.268964,-2.7482848,-4.5062294
261125444,-6.6485744,-5.9372535,-4.8499146
261125454,-7.0880604,-8.018525,-4.590055
261125464,-9.286688,-6.871311,-6.803053
261125474,-5.764812,-4.799619,-6.779103
261125483,-5.1935997,-3.0201197,-5.428312
261125493,-6.0665846,-4.89063,-7.0257897
261125503,-5.982759,-7.628137,-5.5025573
261125513,-4.860692,-7.4497085,-3.004552
261125523,-2.8225305,-7.643705,-0.87298465
261125533,-3.9781275,-10.3931875,-0.9783655
261125543,-5.825885,-11.014695,-2.9075537
261125553,-5.722899,-9.371712,-3.3662
261125563,-5.52531,-9.248368,-5.7276893
261125572,-5.5899754,-7.3563023,-4.287085
261125582,-4.797224,-10.087822,-3.1015503
261125592,-7.0341725,-11.355985,-2.5938063
261125602,-6.7144375,-8.244855,-3.9960902
261125612,-6.0905347,-6.668932,-3.849994
261125622,-6.365962,-7.7682457,-1.8238074
261125632,-5.5935683,-8.259225,0.58558226
261125642,-5.3756213,-8.255632,0.10178833
261125652,-5.49178,-8.089178,0.6059399
261125661,-3.8931043,-7.261699,5.276228
261125671,-7.6389146,-6.7192273,-2.2441332
261125681,-4.1194334,-7.7682457,-0.09580078
261125691,-6.0103016,-7.5047936,0.69216067
261125701,-6.9659142,-6.42943,2.7830126
261125711,-7.162306,-6.4557753,-1.8597326
261125721,-7.218589,-9.057964,-0.27303222
261125731,-5.863008,-9.965676,0.43709105
261125741,-3.6919227,-9.689052,2.274071
261125750,-6.387517,-7.7047777,1.0238708
261125760,-7.0904555,-6.7132397,0.4897815
261125770,-5.5947657,-6.094127,1.3304334
261125786,-7.7933936,-5.215155,-3.497926
261125796,-10.902129,-7.570657,-3.187771
261125805,-5.669011,-11.721226,-1.348396
261125815,-7.5814342,-13.086387,0.35925293
261125825,-8.807684,-11.412268,-2.3099964
261125835,-9.307046,-10.663824,-2.2537134
261125845,-9.981244,-11.032658,-1.9196081
261125855,-9.057964,-10.309361,-0.92687255
261125865,-7.6077795,-6.781498,-0.6322852
261125875,-6.876101,-3.2033386,0.11136841
261125885,-7.252119,-2.8045678,-0.14010864
261125895,-5.6510487,-3.6488123,-1.9220031
261125904,-5.557643,-6.189928,-1.6034656
261125914,-5.611531,-7.8640466,-1.9627185
261125924,-4.6547203,-6.4893055,-3.869154
261125934,-6.1049047,-7.7682457,-3.0572424
261125944,-4.7888417,-8.988508,-4.590055
261125954,-4.8259645,-9.617201,-4.172124
261125964,-5.2582655,-9.195678,-2.9051588
261125974,-4.658313,-8.070019,-2.2417383
261125984,-4.4583287,-7.728728,-1.4130615
261125993,-3.9733374,-6.356382,0.6969507
261126003,-3.1542406,-5.5803957,2.3267615
261126013,-2.098037,-4.1589513,2.6752367
261126023,-1.7256116,-4.428391,1.651366
261126033,-2.6093738,-5.9516234,1.111289
261126043,-4.517007,-7.6784325,1.7878821
261126053,-5.5456676,-7.176676,-0.4179309
261126063,-5.5289025,-6.2378283,-2.767445
261126073,-5.4115467,-7.0736904,-4.7936316
261126082,-5.774392,-9.503437,-6.0126967
261126092,-5.2582655,-9.399254,-4.594845
261126102,-5.2582655,-7.7442956,-4.405638
261126112,-6.41985,-6.587501,-4.599635
261126122,-7.6556797,-5.8953404,-4.916975
261126132,-7.3371425,-6.4569726,-5.932463
261126142,-7.380253,-6.8138304,-7.3610926
261126152,-8.735834,-6.697672,-9.86748
261126162,-10.546469,-6.502478,-13.480368
261126172,-11.158396,-6.1851377,-12.237352
261126181,-9.006471,-5.3073635,-10.2387085
261126191,-7.0090246,-4.907395,-7.101233
261126201,-6.358777,-5.412744,-6.650969
261126211,-6.7826953,-5.957611,-6.212681
261126221,-6.5300207,-6.774313,-5.23671
261126231,-6.551576,-7.149133,-5.9348583
261126241,-7.6101747,-6.9527416,-5.054689
261126251,-9.698631,-7.359895,-7.474856
261126261,-6.821016,-7.601792,-6.085745
261126270,-6.389912,-7.36708,-5.053491
261126280,-5.8318725,-7.994575,-4.4152184
261126290,-4.2571473,-8.481961,-2.186653
261126300,-3.3230896,-8.074808,0.0035925293
261126310,-2.6153612,-6.5372057,3.7290454
261126320,-1.5435901,-4.0332127,5.0966015
261126334,-1.033451,-2.6009912,3.9038818
261126344,-3.05844,-5.8414526,2.215393
261126353,-5.5528526,-7.5526943,2.3519092
261126363,-4.169729,-5.264253,0.8418494
261126373,-2.7878027,-4.3589354,-2.327959
261126383,-3.930227,-6.0426345,-3.984115
261126393,-6.156398,-5.894143,-4.254752
261126403,-8.695118,-8.126301,-12.912747
261126413,-8.175399,-8.496332,-10.758428
261126423,-7.780221,-10.012379,-7.2341566
261126433,-5.83786,-7.820936,-8.222102
261126442,-6.8329906,-5.6163206,-9.520203
261126452,-9.44955,-6.587501,-9.459129
261126462,-8.600515,-6.4174547,-7.9275146
261126472,-7.147936,-5.445077,-7.218589
261126482,-5.755232,-5.449867,-6.3743443
261126492,-7.232959,-6.8808913,-6.6569567
261126502,-8.863967,-8.200547,-6.9132237
261126512,-9.211246,-9.078321,-6.3132715
261126522,-8.630453,-9.25675,-2.6057813
261126531,-6.267766,-8.311915,-0.7604187
261126541,-5.070256,-4.3912683,-3.4380505
261126551,-9.028027,-6.284531,-3.9721398
261126561,-7.582632,-7.6149645,-2.9817994
261126571,-6.812633,-7.373068,-2.459685
261126581,-5.3361034,-6.7060547,-1.6429834
261126591,-4.5469446,-7.0808754,-0.7843689
261126601,-3.9924974,-7.242539,1.6561561
261126611,-2.826123,-6.866521,3.8308337
261126620,-2.1603076,-6.532416,3.8919067
261126630,-2.323169,-6.023474,3.2452514
261126640,-4.1194334,-7.1934414,2.4261549
261126650,-5.083429,-8.34784,3.333867
261126660,-5.1217494,-8.103549,0.9352551
261126670,-4.199667,-6.5012803,-0.7604187
261126680,-3.5386415,-7.1922436,-2.5291407
261126690,-5.755232,-10.212363,-0.26584718
261126700,-7.1072206,-11.5751295,-0.19399658
261126709,-6.3923073,-11.261382,2.2573059
261126719,-5.8151073,-9.932146,2.0070264
261126729,-4.581672,-7.9598475,0.84424436
261126739,-5.0163684,-7.97781,-0.0071850587
261126749,-6.7312026,-8.477172,0.0742456
261126759,-6.844966,-8.176597,-0.04670288
261126769,-6.2007055,-7.899972,-0.52450925
261126779,-6.8976564,-8.01134,-1.7339941
261126789,-6.598279,-8.074808,-1.033451
261126798,-5.9372535,-8.188572,0.27901977
261126808,-6.468948,-8.729846,2.0130138
261126818,-6.991062,-9.305848,2.7087672
261126828,-7.476053,-9.140592,2.1207898
261126838,-7.110813,-8.307125,1.1807446
261126848,-6.100115,-7.277267,1.6046631
261126858,-6.15041,-6.8329906,3.333867
261126868,-7.0629125,-7.310797,3.849994
261126878,-7.0880604,-7.247329,3.8368213
261126891,-6.8796935,-6.868916,3.6955152
261126901,-6.6306114,-6.2785435,2.6225464
261126911,-6.4485903,-4.487069,3.3206947
261126921,-5.6414685,-3.2201037,3.913462
261126931,-5.701344,-2.8476782,3.8404138
261126941,-7.133566,-3.4081128,5.3037705
261126951,-6.991062,-4.484674,5.4558544
261126961,-7.4125853,-5.918093,5.1504893
261126971,-7.147936,-6.1983104,4.070336
261126980,-7.2557116,-7.3371425,4.5840673
261126990,-6.8042507,-7.6149645,5.157675
261127000,-5.9863515,-6.187533,4.963678
261127010,-5.8198977,-4.409231,4.7612987
261127020,-6.1037073,-3.1602283,4.6726832
261127030,-6.3527894,-3.9362147,5.2091675
261127040,-6.3527894,-4.5768824,5.579198
261127050,-5.9695864,-4.8307543,5.2163525
261127060,-5.9121056,-4.254752,5.884563
261127069,-5.19839,-4.0679407,5.1935997
261127079,-4.987628,-4.3517504,5.932463
261127089,-5.197192,-4.477489,6.3863196
261127099,-5.2283278,-4.9157777,6.9455566
261127109,-5.1756372,-4.4128237,6.836583
261127119,-5.332511,-3.7038977,6.1180773
261127129,-6.314469,-4.5217967,6.0342517
261127139,-6.6725245,-4.643943,5.4247193
261127149,-6.0953245,-3.747008,5.51094
261127159,-5.9348583,-3.9709425,6.043832
261127168,-5.6091356,-3.7925134,5.987549
261127178,-5.2115626,-4.233197,6.199508
261127188,-4.756509,-4.9720607,6.5851064
261127198,-4.9948134,-4.6175976,6.2402234
261127208,-4.9612827,-4.132606,6.070177
261127218,-5.070256,-3.7697608,6.373147
261127228,-5.518125,-5.1205516,5.696554
261127238,-5.781577,-5.940846,6.461763
261127248,-5.957611,-4.6164002,4.9109874
261127257,-5.5444703,-3.171006,4.1661363
261127267,-4.6415477,-3.3063245,3.6320472
261127277,-4.372108,-2.46208,3.6092944
261127287,-4.5229945,-2.6345215,3.69312
261127297,-5.290598,-3.8883142,4.436774
261127307,-6.052214,-5.9228835,4.8163843
261127317,-7.508386,-7.4101906,3.9733374
261127327,-8.056846,-7.7981834,2.1088147
261127337,-6.940767,-7.947872,1.5579602
261127346,-7.122788,-9.914184,2.262096
261127356,-6.8485584,-9.22801,1.9758911
261127366,-5.7001467,-6.3444066,1.1807446
261127376,-6.364764,-2.9279113,2.1531227
261127386,-2.3052063,2.5950036,-3.0692174
261127396,-3.3039293,-1.7411792,-1.8357825
261127406,-4.64514,-7.3586974,-1.3675561
261127416,-7.122788,-10.333312,-0.7316785
261127426,-8.313113,-9.914184,-2.990182
261127435,-9.057964,-8.388556,-4.4343786
261127445,-8.481961,-2.8512707,-1.3124707
261127455,-5.5995555,3.4452355,-4.949308
261127465,-3.1159203,2.753075,-5.364844
261127475,-3.1326857,-4.7744713,-8.184979
261127485,-5.5516553,-10.97398,-9.010063
261127495,-8.6077,-14.457536,-8.311915
261127505,-9.284293,-13.669574,-7.3024144
261127515,-8.0999565,-9.248368,-8.083191
261127524,-6.342012,-5.005591,-8.93462
261127534,-4.756509,-3.4428406,-9.8590975
261127544,-4.245172,-4.221222,-10.721305
261127554,-4.4715014,-5.47741,-10.212363
261127564,-5.1792297,-6.894064,-11.053015
261127574,-6.2869263,-7.4389305,-10.242301
261127584,-6.7527575,-7.249724,-9.951306
261127594,-6.5048733,-6.4354177,-9.292676
261127604,-5.6318884,-4.4954515,-8.737031
261127614,-5.0235534,-3.1326857,-8.183782
261127623,-4.799619,-3.417693,-8.707093
261127633,-5.276228,-4.526587,-10.332114
261127643,-6.124065,-5.9540186,-9.095087
261127653,-6.603069,-5.9935365,-8.28078
261127663,-6.6892896,-5.372029,-7.95865
261127673,-6.4258375,-4.6247826,-7.3826475
261127683,-6.702462,-3.2248938,-7.9454775
261127693,-7.387438,-2.0082238,-7.676038
261127703,-6.9766917,-1.2765454,-6.3719497
261127712,-6.062992,-2.071692,-7.1347632
261127722,-6.605464,-3.5087037,-5.605543
261127738,-5.860613,-4.4954515,-8.33347
261127748,-7.380253,-4.3002577,-8.52148
261127758,-8.412506,-1.7184265,-12.5882225
261127768,-8.077204,-2.9183314,-2.222578
261127778,-4.126619,-3.1374755,-20.089424
261127788,-9.765692,-3.3230896,-11.309282
261127798,-9.085506,-1.2370276,0.4287085
261127808,-3.5338514,-1.8429675,-6.947952
261127818,-3.129093,-5.629493,-9.467512
261127827,-4.070336,-2.7087672,-9.53577
261127837,-5.725294,-1.104104,-13.839621
261127847,-8.429272,1.2226574,-9.177715
261127857,-7.435338,2.2369483,-11.8493595
261127867,-7.6640625,-0.38679564,-1.6525635
261127877,-3.6727624,-4.8594947,-1.5699353
261127887,-1.162782,-4.5960426,-6.5863037
261127897,-4.1565566,-3.7529955,-8.259225
261127907,-7.0892577,-2.1794677,-9.666299
261127916,-7.453301,-1.7818946,-9.975256
261127926,-6.072572,-2.821333,-8.812474
261127936,-5.6881714,-2.6572742,-8.265212
261127946,-5.3852015,-1.5878979,-6.758745
261127956,-5.0558863,-0.9891431,-9.053174
261127966,-5.527705,-1.4429992,-9.667497
261127976,-5.586383,-2.4752526,-9.53098
261127986,-5.9564137,-3.7194653,-10.75244
261127996,-7.167096,-3.2045362,-11.854149
261128005,-7.755073,-2.2357507,-10.471025
261128015,-5.6797886,-1.4058765,-8.345446
261128025,-4.1122484,-1.355581,-5.1121693
261128035,-2.454895,-0.3329077,-5.997129
261128045,-4.780459,-1.2945081,-7.547904
261128055,-5.4606447,-3.3769774,-6.2785435
261128065,-4.169729,-3.2500415,-6.883286
261128075,-5.7145166,-1.8250049,-8.412506
261128085,-7.3191795,-3.5829492,-8.418493
261128094,-6.4629602,-4.7445335,-7.7694435
261128104,-5.6175184,-2.830913,-8.113129
261128114,-5.5025573,0.25387207,-9.062754
261128124,-6.016289,-3.2943494,-5.740862
261128134,-4.8307543,-3.434458,-6.12167
261128144,-5.8833656,-0.50774413,-6.9922595
261128154,-6.70845,-2.459685,-7.028185
261128164,-6.295309,-4.373306,-6.8473606
261128174,-6.821016,-3.812871,-6.255791
261128183,-6.1671753,-3.0811927,-7.0317774
261128193,-6.332432,-4.0631504,-7.965835
261128203,-6.484515,-4.8798523,-8.380174
261128213,-6.549181,-4.8714695,-8.79571
261128223,-6.4629602,-4.4643164,-9.523795
261128233,-3.9637573,-1.0190808,-7.955057
261128243,-11.3499975,-3.866759,-2.4872277
261128253,-5.0427136,-4.127816,-9.104667
261128263,-6.526428,-5.5384827,-6.404282
261128272,-6.274951,-2.9985645,-6.1252623
261128282,-6.2977037,-1.5579602,-6.3132715
261128292,-5.7384667,-1.4537768,-5.81391
261128302,-6.6773143,-1.1388317,-4.439169
261128312,-6.053412,-3.1159203,-6.268964
261128322,-6.615044,-4.6104126,-6.4186525
261128332,-6.514453,-5.077441,-6.773115
261128342,-6.3911095,-5.367239,-6.7599425
261128352,-6.255791,-5.229525,-6.182743
261128361,-6.5551686,-5.7636147,-6.067782
261128371,-6.6497717,-5.6821837,-6.798263
261128381,-6.1983104,-2.7087672,-7.1527257
261128391,-6.394702,-3.4811609,-6.822213
261128401,-6.779103,-5.8498354,-5.5372853
261128411,-6.5204406,-6.603069,-4.89063
261128421,-7.04974,-7.3072047,-4.6966333
261128431,-6.937174,-6.946754,-5.454657
261128441,-5.891748,-6.173163,-5.435497
261128450,-6.3048887,-6.7671275,-6.9204087
261128460,-5.623506,-5.8881555,-7.0748878
261128470,-7.1048255,-7.0150123,-6.6868944
261128480,-6.156398,-7.3143897,-5.180427
261128490,-6.108497,-7.931107,-5.363646
261128500,-6.055807,-8.404123,-4.8822474
261128510,-5.2283278,-7.7526784,-4.712201
261128520,-6.101312,-7.755073,-4.8415318
261128530,-6.661747,-8.081993,-2.8464806
261128539,-4.946913,-7.4161777,-2.6177564
261128549,-5.6163206,-6.9503465,-1.6322058
261128559,-5.732479,-6.8401756,-2.2920337
261128569,-5.1385145,-7.1431456,-0.8753796
261128579,-5.0570836,-8.0999565,1.113684
261128589,-4.2367897,-7.3215747,8.745414
261128599,-9.097482,-9.988429,-5.722899
261128609,-3.1123278,-6.0007215,7.113208
261128619,-9.451944,-6.5503783,-4.2763076
261128629,-2.0142114,-8.206534,-1.6082556
261128638,-6.300099,-11.9691105,3.8416114
261128648,0.48858398,-9.601633,4.6319675
261128658,-16.332836,-8.216114,-4.966073
261128668,-0.28859985,-10.365644,-8.8388195
261128678,-9.140592,-10.711725,-2.7363098
261128688,-5.7863674,-11.559562,-0.027542725
261128698,-6.7060547,-12.668456,2.1159997
261128708,-6.171965,-9.429192,1.4166541
261128718,-5.9540186,-8.00655,0.9687854
261128727,-5.8642054,-7.060518,1.2957056
261128737,-5.9516234,-5.8103175,2.3327491
261128747,-5.173242,-5.805527,3.5290613
261128757,-5.5756054,-5.53968,3.8835242
261128767,-6.0222764,-4.91458,3.676355
261128777,-4.951703,-7.707173,6.807843
261128787,-7.3922276,-6.1037073,4.3026524
261128797,-6.4797254,-3.0955627,-0.14010864
261128807,-7.7682457,-7.3048096,3.6823425
261128816,-6.4102697,-7.129973,3.3697925
261128826,-4.90021,-5.9935365,2.3626869
261128844,-7.1024303,-6.610254,2.5243506
261128854,-8.002957,-6.514453,5.612728
261128864,-7.3766603,-7.437733,7.3778577
261128874,-5.9755735,-6.070177,7.291637
261128884,-6.4378123,-4.5457473,6.0330544
261128893,-6.2174706,-3.6955152,5.190007
261128903,-2.1279747,-3.2081287,8.129894
261128913,-2.7482848,3.2093263,5.2067723
261128923,-6.3156667,0.082628176,3.2009437
261128933,-5.522915,-3.1638207,4.240382
261128943,-7.2317615,-4.352948,5.773195
261128953,-8.449629,-4.0176454,5.3971767
261128963,-7.4161777,-2.8057654,6.0785594
261128973,-7.853269,-4.3278003,6.565946
261128982,-7.36708,-4.253555,6.8749037
261128992,-5.967191,-3.8919067,6.8557434
261129002,-6.6306114,-3.3638048,7.7442956
261129012,-6.4797254,-1.7339941,6.898854
261129022,-5.867798,0.25267455,5.447472
261129032,-5.3756213,1.3232483,3.2608192
261129042,-5.20318,0.8861572,3.730243
261129052,-6.793473,-0.69575316,3.2296839
261129062,-8.537047,-2.2094054,5.034331
261129071,-7.938292,-4.453539,5.5935683
261129081,-8.695118,-6.2414207,3.803291
261129091,-7.6940002,-5.909711,3.9445972
261129101,-8.462802,-6.3048887,4.453539
261129111,-8.341853,-4.5002418,4.590055
261129121,-7.7059755,-1.4717395,1.2478051
261129131,-3.2548316,6.4809227,0.48139894
261129141,-7.9933777,-5.5923705,1.2825329
261129151,-5.884563,-12.360696,6.588699
261129160,-5.8905506,-10.42073,6.573131
261129170,-8.356223,-3.493136,3.8607714
261129180,-5.8905506,-2.191443,2.3087988
261129190,-3.5410364,-1.9914588,2.0764818
261129200,-4.528982,-1.2478051,0.62031007
261129210,-6.2713585,-1.4310242,1.033451
261129220,-5.556445,-1.5807129,0.75203615
261129230,-5.500162,-3.3889527,-0.34967285
261129240,-6.2665687,-5.252278,0.54726195
261129250,-6.915619,-7.6161623,0.48379394
261129259,-6.339617,-7.7047777,-1.0873389
261129269,-6.6330066,-9.099876,-0.40116578
261129279,-5.5468655,-9.19448,-0.18800904
261129289,-6.074967,-11.948752,0.6478528
261129299,-4.574487,-11.122471,0.7580237
261129309,-4.3565407,-9.089099,-0.07664063
261129319,-4.254752,-7.811356,-1.1795471
261129329,-4.770879,-7.453301,-0.75083864
261129339,-4.536167,-7.0736904,-0.8693921
261129348,-5.154082,-7.7526784,-1.8262024
261129358,-5.046306,-8.380174,-2.6297314
261129368,-5.4259167,-8.4520235,-3.109933
261129378,-5.588778,-7.1850586,-3.7697608
261129388,-2.7243347,-5.4271145,-2.6153612
261129402,-5.366041,-5.933661,-3.7362304
261129412,-4.533772,-6.295309,-4.091891
261129422,-5.1145644,-7.8029737,-4.7960267
261129431,-6.157595,-7.4161777,-6.12646
261129441,-6.771918,-6.3683567,-7.7251353
261129451,-6.644982,-6.5623536,-9.012459
261129461,-5.982759,-6.666537,-8.483159
261129471,-5.0175657,-6.758745,-8.938213
261129481,-4.1361985,-7.7586656,-9.006471
261129491,-4.770879,-9.54535,-8.127499
261129501,-5.4462743,-9.980046,-6.5946865
261129511,-5.024751,-8.155042,-6.7503624
261129520,-4.867877,-7.8448863,-7.08327
261129530,-5.0678616,-7.3491173,-6.5012803
261129540,-4.867877,-6.2653713,-7.834109
261129550,-5.180427,-6.228248,-8.758587
261129560,-5.540878,-5.9935365,-10.386003
261129570,-4.5062294,-6.1983104,-11.884087
261129580,-5.133724,-6.533613,-9.164542
261129590,-5.373226,-6.7503624,-8.072413
261129600,-5.053491,-7.2293663,-8.190967
261129609,-5.191205,-6.9132237,-7.167096
261129619,-4.916975,-8.641231,-6.7060547
261129629,-5.19839,-8.9442005,-6.894064
261129639,-5.5169277,-6.866521,-6.876101
261129649,-4.9576902,-4.9229627,-6.991062
261129659,-3.0943651,-2.3483167,-7.63652
261129669,-6.612649,-5.7217016,-8.349038
261129679,-6.1348424,-4.5469446,-10.019565
261129689,-6.243816,-3.913462,-8.7897215
261129698,-5.0738487,-3.1793885,-7.4964113
261129708,-4.6175976,-4.150569,-8.63165
261129718,-4.831952,-5.0666637,-8.792117
261129728,-5.366041,-5.8187,-9.062754
261129738,-5.0810337,-4.981641,-9.704619
261129748,-4.8020144,-3.0296998,-10.215956
261129758,-5.1600695,-1.8812878,-10.174043
261129768,-5.874983,-1.4358143,-9.332193
261129778,-6.2521987,-1.5100598,-8.850795
261129788,-6.333629,-1.660946,-7.8496766
261129797,-6.476133,-2.650089,-5.795947
261129807,-6.13125,-2.8345056,-6.0617943
261129817,-5.412744,-1.7471668,-7.1215906
261129827,-5.85223,-1.4406042,-7.3706727
261129837,-6.2007055,-3.39015,-8.873548
261129847,-6.8413734,-5.0894165,-5.879773
261129857,-6.1791506,-5.7288866,-6.9611244
261129867,-5.23671,-5.0726514,-7.397018
261129876,-5.0475035,-3.9805224,-7.756271
261129886,-5.0594788,-2.682422,-7.68442
261129896,-5.4678297,-1.6908838,-7.8149486
261129906,-5.938451,-1.6453785,-8.692723
261129916,-5.8486376,-1.9184107,-8.377778
261129926,-6.685697,-3.4919386,-9.309441
261129936,-6.74198,-4.108656,-8.804091
261129946,-6.0270667,-3.206931,-8.323891
261129956,-5.3600535,-1.8501526,-9.0567665
261129966,-5.5516553,-1.5388,-7.4904237
261129975,-4.867877,-1.8238074,-8.792117
261129985,-5.522915,-2.1279747,-8.479567
261129995,-6.413862,-2.4608827,-7.714358
261130005,-6.12167,-3.69791,-9.0567665
261130015,-6.1300526,-5.031936,-8.23767
261130025,-5.2283278,-4.7864466,-8.270002
261130035,-5.4630394,-3.3410523,-6.827003
261130045,-4.8235693,-1.1867322,-7.965835
261130055,-4.9996033,-0.82867676,-8.411308
261130064,-5.2882032,-2.1794677,-8.429272
261130074,-5.54926,-3.7338355,-9.46392
261130084,-6.678512,-4.531377,-8.744216
261130094,-5.8031325,-3.9242394,-8.343051
261130104,-4.756509,-3.1997461,-9.469907
261130114,-5.2115626,-2.5411158,-9.222023
261130124,-5.85223,-2.1746778,-7.8029737
261130134,-5.0331335,-2.2944288,-6.643784
261130144,-4.022435,-3.1398706,-6.697672
261130153,-4.4020457,-3.530259,-8.020921
261130163,-5.4750147,-3.5949242,-9.144184
261130173,-5.945636,-3.432063,-9.376501
261130183,-5.910908,-3.4799633,-9.718989
261130193,-6.0486217,-3.473976,-10.333312
261130203,-7.1431456,-3.2093263,-10.033935
261130213,-6.011499,-2.6417065,-7.885602
261130223,-4.9612827,-1.8106347,-8.173004
261130233,-4.9277525,-1.5771203,-8.667576
261130243,-5.48699,-1.714834,-8.749006
261130252,-5.2510805,-2.4417224,-9.008866
261130262,-6.636599,-2.882406,-10.620714
261130272,-7.0509377,-3.9074743,-9.854308
261130282,-3.7589831,-1.9363732,-7.389833
261130292,-4.6032276,-1.4717395,-8.722661
261130302,-6.9120264,-3.0488598,-8.893905
261130312,-1.9734961,-2.3758593,-4.702621
261130322,-5.781577,-4.233197,-6.41506
261130331,-4.804409,-4.2799,-8.255632
261130341,-5.9695864,-3.1003528,-7.691605
261130351,-3.7110827,-2.3507116,-6.70845
261130361,-5.988746,-6.2725563,-5.749244
261130371,-4.01525,-4.8235693,-6.6114516
261130381,-5.532495,-3.742218,-8.411308
261130391,-5.9420433,-5.4702244,-7.9766126
261130401,-5.357659,-5.774392,-5.718109
261130411,-5.749244,-3.8559813,-7.644902
261130421,-5.8091197,-2.8560607,-6.9144216
261130430,-5.7193065,-3.5649865,-6.357579
261130440,-6.0426345,-3.800896,-6.859336
261130450,-6.3372216,-3.453618,-7.117998
261130460,-4.9433203,-2.7051744,-8.544232
261130470,-5.3373013,-2.6081762,-7.7921963
261130480,-6.14083,-3.5973194,-8.162227
261130490,-6.1324477,-4.188889,-8.426876
261130500,-6.260581,-3.6200721,-8.522677
261130510,-6.373147,-3.3841627,-8.510702
261130519,-6.4330225,-3.3087194,-7.970625
261130529,-6.4030848,-3.8260436,-6.835386
261130539,-6.072572,-4.4882665,-6.8952613
261130549,-6.291716,-3.6895275,-7.6221495
261130559,-6.4162574,-2.4788451,-8.229287
261130569,-6.3994923,-2.506388,-7.7538757
261130579,-5.836663,-3.166216,-6.9036436
261130589,-5.7516394,-3.006947,-6.363567
261130599,-5.6726036,-3.485951,-6.40548
261130609,-5.677394,-3.7122803,-6.9287915
261130618,-5.4726195,-3.8164637,-7.4293504
261130628,-5.623506,-3.8296363,-7.237749
261130638,-5.4247193,-4.2954674,-6.3959
261130648,-5.6809864,-4.743336,-6.0833497
261130658,-6.319259,-5.149292,-6.338419
261130668,-7.601792,-4.636758,-6.995852
261130678,-7.811356,-4.6152024,-6.764733
261130688,-6.810238,-4.0535707,-6.4569726
261130698,-7.0245924,-3.417693,-6.3036914
261130707,-6.8114357,-4.28948,-6.051017
261130717,-6.2102857,-5.0283437,-5.421127
261130727,-6.258186,-5.9959316,-4.813989
261130737,-5.485792,-6.6497717,-5.0989966
261130747,-6.0246716,-6.9060388,-5.6749988
261130757,-6.0222764,-7.5359287,-5.449867
261130767,-5.4438796,-7.806566,-5.23671
261130777,-5.3133507,-7.601792,-5.163662
261130787,-5.9851537,-7.801776,-5.2498827
261130796,-5.6749988,-7.8257265,-4.863087
261130806,-5.9911413,-6.998247,-6.1108923
261130816,-5.7947497,-6.321654,-5.767207
261130826,-5.5432725,-7.9011693,-4.707411
261130836,-5.146897,-8.804091,-2.6033862
261130846,-4.702621,-9.024433,-2.3998096
261130856,-5.173242,-7.6892104,-2.0525317
261130866,-4.821174,-8.070019,-1.4250367
261130876,-5.078639,-9.019644,-2.7542725
261130885,-5.219945,-9.730965,-3.206931
261130895,-4.6259804,-10.038724,-0.05149292
261130905,-7.3539076,-10.401569,1.404679
261130915,-5.4558544,-6.2007055,-0.31374756
261130925,-3.305127,-7.0401597,11.38233
261130935,-2.4728577,-5.437892,-12.264895
261130945,-6.212681,-3.8092785,-6.730005
261130955,-8.037685,-18.208136,-0.8262817
261130965,-8.509504,-19.972069,1.0669812
261130974,-5.9037232,-11.029065,-0.05029541
261130984,-5.583988,-11.355985,-1.5280224
261130994,-6.239026,-11.6385975,-0.7041357
261131004,-5.403164,-9.103469,1.0322534
261131014,-7.7610607,-5.6091356,3.133883
261131024,-4.8247666,-4.287085,2.3626869
261131034,-4.0727305,-6.8114357,3.0799952
261131044,-2.3782544,-7.8808117,6.9754944
261131054,-4.1565566,-3.0057495,0.70174074
261131064,-7.1431456,-5.6738014,1.0059083
261131073,-6.013894,-9.677076,2.454895
261131083,-6.268964,-8.696316,2.7123597
261131093,-5.6163206,-9.280701,4.3278003
261131103,-4.1685314,-8.25683,6.6497717
261131113,-9.085506,0.6227051,-0.034727782
261131123,-7.0880604,-8.768167,5.283413
261131133,-4.812792,-9.022038,6.035449
261131143,-8.110734,-8.034093,5.052294
261131153,-6.3036914,-5.909711,4.8427296
261131162,-6.7132397,-3.37578,4.311035
261131172,-6.5180454,-2.379452,3.8440063
261131182,-6.483318,-2.4740553,4.1397915
261131205,-6.646179,-2.1255798,4.9624805
261131215,-6.570736,-1.6920813,4.905
261131225,-6.5839086,-0.94962525,4.8750625
261131234,-6.6569567,-0.55324954,4.8714695
261131244,-6.441405,-0.80113405,5.413942
261131254,-6.309679,-0.852627,5.518125
261131264,-5.478607,0.122145995,6.285729
261131274,-6.2713585,0.99992067,3.974535
261131284,-7.7275305,-0.36164796,3.6009119
261131294,-8.467591,-4.148174,4.9852333
261131304,-8.176597,-6.561156,3.1985486
261131314,-7.9598475,-6.2569885,2.430945
261131323,-7.7227407,-5.2426977,2.15911
261131333,-7.904762,-5.024751,1.900448
261131343,-8.00655,-1.4537768,-3.3135095
261131353,-5.310956,1.6896863,2.7303224
261131363,-4.940925,-8.468789,2.6105714
261131373,-3.8308337,-5.7779846,3.3302746
261131383,-6.388715,-3.3398547,3.2596216
261131393,-7.021,-5.154082,1.9375708
261131403,-5.1121693,-5.210365,0.0035925293
261131412,-4.93374,-5.653444,-0.6622229
261131422,-4.782854,-7.2712793,-0.8825647
261131432,-5.0355287,-8.623268,0.7807764
261131442,-5.0091834,-9.158555,-1.8106347
261131452,-4.223617,-7.899972,-2.4417224
261131462,-5.139712,-8.937016,-1.6669335
261131472,-5.574408,-9.666299,0.23710693
261131482,-5.4187317,-9.253158,-0.61073
261131492,-4.770879,-7.1443434,-0.033530273
261131501,-4.2882824,-7.773036,0.23471192
261131511,-4.639153,-8.449629,0.29937744
261131521,-5.5588403,-7.3766603,-1.3711487
261131531,-5.555248,-6.716832,-2.6908045
261131541,-6.0570045,-6.4797254,-3.2883618
261131551,-6.09293,-6.0222764,-3.8332288
261131561,-5.652246,-5.2558703,-4.242777
261131571,-5.156477,-6.4258375,-6.004314
261131581,-4.038003,-6.1420274,-7.1946387
261131590,-5.6318884,-7.557484,-7.618557
261131600,-6.1444225,-9.357342,-7.3778577
261131610,-5.910908,-7.755073,-7.709568
261131620,-5.471422,-7.316785,-8.596923
261131633,-5.24629,-7.877219,-8.667576
261131643,-4.60682,-7.2365513,-8.364606
261131653,-4.261937,-6.316864,-8.437654
261131663,-4.6822634,-6.7599425,-6.8090405
261131673,-6.3982944,-9.309441,-6.1695704
261131683,-5.8091197,-7.9921803,-7.1682935
261131692,-5.3696337,-6.8461633,-8.153844
261131702,-5.1552796,-6.932384,-7.811356
261131712,-4.9361353,-6.2641735,-8.486752
261131722,-4.798422,-6.707252,-9.115444
261131732,-4.581672,-8.0436735,-10.1752405
261131742,-4.2092466,-8.338261,-12.554692
261131752,-3.803291,-6.163583,-12.127181
261131762,-5.0822315,-4.1733217,-8.047266
261131772,-6.5683413,-3.3242872,-6.5180454
261131781,-6.4234424,-5.1864147,-3.6524048
261131791,-5.581593,-7.6377172,-6.0031166
261131801,-4.399651,-8.224497,-7.7694435
261131811,-4.8822474,-8.50711,-5.429509
261131821,-5.0115786,-8.265212,-8.601712
261131831,-5.7145166,-7.005432,-10.944042
261131841,-6.2031007,-5.2510805,-9.78605
261131851,-5.989944,-4.023633,-8.552615
261131861,-5.81391,-2.689607,-6.604266
261131870,-4.836742,-0.63587767,-5.686974
261131880,-5.428312,0.41912842,-5.2319202
261131890,-5.1720448,-0.21076173,-6.268964
261131900,-5.5803957,-2.3626869,-7.3754625
261131910,-6.2234583,-3.749403,-8.414901
261131920,-6.187533,-3.8332288,-9.150172
261131930,-6.211483,-3.206931,-9.7321615
261131940,-6.4545774,-3.4404457,-9.703422
261131950,-6.7503624,-4.6008325,-9.55014
261131959,-6.312074,-4.733756,-9.412427
261131969,-5.9839563,-3.290757,-8.022118
261131979,-5.004393,-2.5399182,-7.514374
261131989,-4.907395,-2.9075537,-6.9216065
261131999,-5.031936,-3.7050953,-7.2952294
261132009,-5.5875807,-3.617677,-8.180189
261132019,-6.4018874,-3.5901344,-9.272318
261132029,-7.1838613,-3.7170703,-8.102351
261132039,-5.845045,-2.811753,-9.040001
261132048,-5.3073635,-2.3555017,-7.97781
261132058,-4.7038183,-2.4117846,-7.7921963
261132068,-4.8570995,-3.006947,-7.7694435
261132078,-5.1373167,-3.5386415,-7.68442
261132088,-5.8510327,-3.7434156,-8.320298
261132098,-6.5455885,-3.7110827,-9.662706
261132108,-6.631809,-3.4655933,-9.400452
261132118,-6.2102857,-2.9362938,-9.697434
261132128,-5.853428,-2.591411,-8.406519
261132137,-5.0415163,-2.3614893,-7.9155397
261132147,-4.7086086,-2.0968397,-7.056925
261132157,-4.843927,-2.0369642,-7.4497085
261132167,-5.2403026,-2.0070264,-8.463999
261132177,-6.514453,-2.4273522,-8.190967
261132187,-6.8653235,-3.178191,-8.120314
261132197,-5.9468336,-3.3817675,-7.7299256
261132207,-5.173242,-3.1865735,-8.556208
261132217,-5.3624487,-2.9159362,-8.466394
261132227,-5.6881714,-2.626139,-8.679551
261132236,-5.0666637,-1.9962487,-9.006471
261132246,-5.6103334,-1.9962487,-8.92504
261132256,-5.5899754,-2.6560767,-9.255553
261132266,-5.924081,-3.615282,-9.325008
261132276,-5.740862,-3.5350487,-9.606423
261132286,-5.691764,-2.945874,-8.766969
261132296,-4.9840355,-2.76026,-8.913065
261132306,-4.701423,-2.762655,-9.066346
261132316,-4.8523097,-2.6884093,-9.060359
261132325,-5.0798364,-1.7543519,-9.78126
261132335,-5.5121374,-0.9292676,-8.570578
261132345,-4.252357,-1.6968713,-7.747888
261132355,-3.9589672,-3.0273046,-8.131091
261132365,-5.2007847,-3.5769618,-9.334589
261132375,-5.1289344,-3.1817834,-8.714278
261132385,-4.764891,-3.0344896,-8.737031
261132395,-5.0989966,-3.0859826,-9.912986
261132405,-5.604346,-2.8620484,-8.995693
261132414,-5.1049843,-2.7339149,-8.635242
261132424,-5.8079224,-2.4297473,-8.794512
261132434,-3.6033068,-2.3016138,-6.052214
261132444,-4.925358,-4.0116577,-9.138197
261132454,-6.4438,-4.5038342,-10.12734
261132464,-5.555248,-3.006947,-10.758428
261132474,-4.9157777,-3.138673,-6.581514
261132484,-4.580475,-3.8990917,-8.378976
261132494,-6.587501,-3.5554066,-6.358777
261132503,-4.125421,-3.554209,-5.962401
261132513,-5.798342,-4.7840514,-7.6389146
261132523,-3.7230577,-6.5192432,-3.7565882
261132533,-4.675078,-3.5554066,-5.4953723
261132543,-4.3589354,-2.1459374,-6.998247
261132553,-5.1995873,-5.1720448,-6.547983
261132563,-5.005591,-6.308481,-7.235354
261132573,-5.2570677,-5.83786,-7.08327
261132583,-5.1924024,-5.459447,-7.276069
261132593,-5.18881,-4.9277525,-7.388635
261132602,-5.2019825,-4.855902,-7.2293663
261132612,-5.3049684,-5.0475035,-7.853269
261132622,-5.8965383,-4.5840673,-9.034014
261132632,-6.0174866,-4.6343627,-9.77647
261132642,-5.755232,-4.9061975,-10.259067
261132652,-4.7445335,-3.6967127,-14.891034
261132662,-11.3008995,-2.7422974,-3.605702
261132672,-0.6442602,-6.4306273,-8.6699705
261132682,-6.5060706,-2.7566674,-4.987628
261132691,-3.126698,-3.2105236,-3.2847693
261132701,-5.3552637,-3.739823,-2.9746141
261132711,-5.1792297,-3.458408,-4.113446
261132721,-4.8966174,-2.8560607,-4.819977
261132731,-5.628296,-3.166216,-6.1743603
261132741,-7.3000197,-5.49178,-6.866521
261132751,-7.608977,-7.1096153,-8.63644
261132761,-7.6880126,-5.5588403,-7.8005786
261132771,-6.8485584,-3.4655933,-7.6868153
261132780,-6.2869263,-3.5601966,-6.787485
261132790,-5.7372694,-3.913462,-6.062992
261132800,-6.285729,-5.380411,-6.119275
261132810,-6.3360243,-7.359895,-5.3193383
261132820,-5.6342835,-7.8820095,-3.8428087
261132830,-5.3073635,-7.834109,-2.3806493
261132840,-5.5899754,-8.127499,-5.51573
261132850,-5.2582655,-7.980205,-4.2595425
261132860,-4.054768,-8.186176,-4.360133
261132869,-4.8570995,-8.828042,-3.4476306
261132879,-6.654562,-9.029223,-6.2330384
261132889,-5.7097263,-8.007748,-8.616083
261132899,-5.6091356,-7.1682935,-6.673722
261132909,-6.74198,-7.931107,-4.4571314
261132919,-6.284531,-7.019802,-6.021079
261132929,-6.124065,-5.548063,-4.580475
261132939,-6.1587925,-5.621111,-4.757706
261132949,-5.859415,-6.947952,-4.071533
261132958,-6.6078587,-8.374186,-2.6464965
261132968,-6.236631,-9.416019,-1.5711328
261132978,-5.591173,-7.7670484,-1.7842896
261132988,-6.46775,-8.3191,-2.095642
261132998,-5.243895,-8.121511,-1.2549902
261133008,-5.762417,-8.349038,-1.5088623
261133018,-4.7696815,-6.4917006,-2.6321266
261133028,-5.931266,-7.7131605,-2.1579125
261133038,-5.628296,-8.1143265,-0.008382568
261133048,-6.1276574,-7.494016,-0.05029541
261133057,-6.268964,-9.154963,0.07903565
261133067,-6.0126967,-10.366842,1.0298584
261133077,-6.301296,-9.546548,-0.6442602
261133087,-5.9755735,-9.632769,-0.9508228
261133097,-5.898933,-11.8074465,0.33530274
261133107,-5.988746,-11.118878,0.5125342
261133117,-6.070177,-9.400452,1.2741504
261133127,-6.2593837,-8.84361,0.8071216
261133137,-5.410349,-6.7599425,0.5221143
261133146,-6.0222764,-6.6557593,1.4501843
261133156,-6.065387,-6.431825,1.7256116
261133166,-5.9228835,-5.6977515,2.3147864
261133176,-6.062992,-6.758745,2.889591
261133186,-6.046227,-6.676117,3.0548475
261133196,-5.854625,-6.389912,3.1482532
261133206,-6.42943,-6.468948,3.5853443
261133216,-5.8079224,-6.7120423,3.8990917
261133226,-5.334906,-6.3180614,4.7840514
261133236,-4.8008165,-4.0320153,3.798501
261133245,-3.1063404,-4.867877,3.8511915
261133255,-7.0784802,-3.735033,2.4333398
261133265,-8.244855,-4.7541137,4.296665
261133275,-5.6318884,-6.690487,4.721781
261133285,-6.74677,-8.096363,4.8642845
261133295,-7.2437367,-6.7611403,3.5901344
261133305,-6.3048887,-6.40548,4.5301795
261133315,-6.979087,-8.036488,5.254673
261133325,-6.7288074,-5.052294,3.8368213
261133334,-5.945636,-3.222499,4.2224193
261133344,-6.551576,-4.694238,5.0259485
261133354,-6.5108604,-4.3948607,4.184099
261133364,-6.617439,-2.8560607,3.5685792
261133374,-6.7826953,-2.8321106,3.7901185
261133384,-7.180269,-3.321892,3.7996986
261133394,-6.9527416,-3.805686,4.60203
261133404,-7.1994286,-4.55892,4.9624805
261133414,-6.5120583,-3.2404613,3.9757323
261133436,-5.836663,-2.398612,3.5745666
261133446,-5.9348583,-3.598517,4.5984373
261133456,-6.5372057,-4.6319675,4.728966
261133466,-6.4713426,-4.9385304,4.7325587
261133476,-6.8952613,-5.0822315,3.5170863
261133485,-6.9060388,-5.052294,2.0022364
261133495,-7.3539076,-5.2403026,-0.08741821
261133505,-7.726333,-5.884563,0.0023950196
261133515,-7.8029737,-5.684579,2.767445
261133525,-8.04487,-5.555248,4.4128237
261133535,-6.868916,-6.0965223,5.325326
261133545,-5.771997,-6.5623536,5.740862
261133555,-3.8080812,-5.2810183,6.077362
261133565,-2.9961693,-3.3650024,4.475094
261133574,-3.1051428,-3.4284704,2.3483167
261133584,-4.023633,-5.029541,0.73407346
261133594,-6.1959157,-7.1120105,-0.9340576
261133604,-4.9061975,-7.5670643,-6.470145
261133614,-7.543114,-7.0736904,-2.3902295
261133624,-6.4821205,-6.1887302,3.5158887
261133634,-5.3073635,-9.728569,-4.2511597
261133644,-9.818382,-14.447955,-6.388715
261133654,-9.083112,-11.754756,0.44427612
261133663,-6.4725404,-6.9204087,-3.8966968
261133673,-6.4749355,-8.539442,-6.1695704
261133683,-5.1684523,-7.532336,-2.0680993
261133693,-5.259463,-7.6484947,-2.3686743
261133703,-5.8498354,-8.957373,-4.4834766
261133713,-5.5612354,-9.971663,-5.182822
261133723,-5.052294,-9.651929,-5.7827744
261133733,-5.374424,-8.424481,-5.498965
261133743,-5.48699,-7.9059596,-5.7516394
261133753,-4.9277525,-7.252119,-5.882168
261133762,-4.6499305,-7.2784643,-5.101392
261133772,-4.211642,-7.0892577,-4.28948
261133782,-4.5002418,-7.01142,-4.014053
261133792,-5.021158,-8.538244,-4.538562
261133802,-5.83786,-9.764495,-4.3421702
261133812,-5.788762,-9.187295,-5.1935997
261133822,-5.469027,-7.5107813,-6.5922914
261133832,-5.3373013,-6.688092,-6.946754
261133842,-5.071454,-7.067703,-7.3072047
261133851,-5.140909,-7.252119,-6.730005
261133861,-4.8379393,-6.7288074,-5.884563
261133871,-4.839137,-6.2569885,-5.454657
261133881,-5.022356,-5.6486535,-4.3517504
261133891,-5.2283278,-6.7288074,-3.5003211
261133901,-4.973258,-7.6077795,-2.75068
261133911,-4.679868,-7.436536,-2.8572583
261133921,-4.3122325,-6.485713,-3.3182995
261133931,-4.367318,-6.4162574,-3.7290454
261133940,-4.355343,-7.1048255,-2.9770093
261133950,-4.1541615,-7.692803,-2.4932153
261133960,-4.0739284,-6.981482,-2.8165429
261133970,-3.781736,-6.0414367,-2.9877868
261133980,-3.4943335,-6.0953245,-3.9972875
261133994,-3.98172,-5.909711,-4.404441
261134004,-4.543352,-4.5864625,-5.8222923
261134014,-4.7696815,-4.206852,-8.091574
261134024,-4.9624805,-6.4749355,-7.2341566
261134033,-4.2260118,-7.1922436,-6.460565
261134043,-3.9637573,-7.6329274,-5.9863515
261134053,-3.8703516,-7.220984,-5.2355127
261134063,-4.326603,-7.013815,-5.134922
261134073,-5.316943,-6.9922595,-6.0246716
261134083,-6.182743,-6.4713426,-7.132368
261134093,-6.274951,-6.338419,-7.171886
261134103,-6.1851377,-6.0893373,-6.1396327
261134113,-6.051017,-5.974376,-5.9588084
261134122,-6.4749355,-5.82828,-6.668932
261134132,-6.5527735,-5.916896,-6.189928
261134142,-5.8019347,-5.8402553,-5.595963
261134152,-5.273833,-5.8091197,-6.4306273
261134162,-5.500162,-6.4821205,-7.359895
261134172,-6.3623695,-7.0629125,-7.582632
261134182,-6.6892896,-7.0820727,-8.134684
261134192,-6.701265,-6.725215,-8.55501
261134202,-6.744375,-6.1791506,-8.708291
261134211,-6.9503465,-5.548063,-10.073452
261134221,-7.4784484,-4.770879,-9.305848
261134231,-7.0162096,-5.2426977,-8.522677
261134241,-7.1455407,-5.6510487,-7.9514647
261134251,-7.1191955,-5.574408,-6.901249
261134261,-6.5384035,-6.627019,-5.591173
261134271,-5.797145,-7.9718227,-4.2176294
261134281,-5.4175344,-8.291557,-4.8427296
261134291,-6.4665527,-7.7742333,-3.3805702
261134301,-6.6773143,-7.8424916,-4.2260118
261134310,-6.021079,-7.100035,-4.2511597
261134320,-5.960006,-6.312074,-4.724176
261134330,-5.7935524,-6.070177,-5.591173
261134340,-5.901328,-6.0198817,-6.666537
261134350,-6.14083,-6.918014,-6.0785594
261134360,-6.1839404,-7.0174074,-3.551814
261134370,-4.437971,-5.891748,-1.5172448
261134380,-3.1470556,-7.4712634,-0.33410522
261134390,-3.791316,-8.9442005,2.2489233
261134399,-3.2967443,-8.090376,1.7327967
261134409,-3.3626075,-6.8138304,-0.34727782
261134419,-3.566184,-6.7132397,0.04430786
261134429,-3.429668,-7.444918,0.46343628
261134439,-3.666775,-7.6808276,-0.11615845
261134449,-4.1852965,-7.340735,0.852627
261134459,-4.348158,-8.146659,0.09460327
261134469,-4.782854,-9.257948,1.228645
261134479,-4.069138,-10.662627,0.38080812
261134488,-3.5446289,-10.750045,-0.63468015
261134498,-4.1864944,-11.436218,-1.0298584
261134508,-5.1720448,-11.294912,-0.07903565
261134518,-5.613926,-9.14658,0.29578492
261134528,-5.611531,-7.3922276,0.93884766
261134538,-5.82349,-7.34313,0.9951306
261134548,-6.0055113,-8.545429,0.75562865
261134558,-6.358777,-10.06028,0.5281018
261134568,-5.6007533,-9.508227,2.3411317
261134578,-5.621111,-9.238788,2.9518616
261134587,-6.2521987,-8.5154915,2.1555176
261134597,-5.4750147,-6.817423,4.254752
261134607,-8.756191,-4.757706,11.261382
261134617,-4.7062135,-3.06323,-8.301138
261134627,-1.4741346,-6.6066613,0.7137158
261134637,-9.1202345,-12.003838,0.85142946
261134647,-8.6280575,-10.533296,3.7517982
261134657,-6.5300207,-7.3826475,2.586621
261134667,-6.0318565,-6.380332,3.2680042
261134676,-6.4497876,-6.1743603,3.7517982
261134686,-5.51094,-4.4954515,3.307522
261134696,-5.718109,-3.6536024,3.7194653
261134706,-6.468948,-4.4331813,4.2415795
261134716,-6.375542,-4.127816,3.838019
261134726,-7.3754625,-5.3145485,3.8248463
261134736,-6.7623377,-5.071454,3.8583765
261134746,-6.6401916,-3.6260595,3.7170703
261134756,-6.3180614,-3.6643798,3.8487964
261134765,-6.502478,-3.988905,3.8943017
261134775,-6.74677,-4.766089,5.19839
261134785,-6.1791506,-3.2835717,5.567223
261134795,-6.4797254,-3.3434472,5.346881
261134805,-7.0629125,-3.9709425,5.606741
261134815,-6.6413894,-3.4524207,5.3049684
261134825,-6.9443593,-4.2032595,4.701423
261134835,-6.7767076,-4.8415318,3.9038818
261134845,-7.2006264,-4.975653,4.085903
261134854,-7.4784484,-6.175558,4.5696974
261134864,-7.322772,-6.412665,4.7181883
261134874,-7.388635,-5.1756372,5.146897
261134884,-7.0892577,-4.869075,4.693041
261134894,-6.7060547,-3.214116,3.0967603
261134904,-6.086942,-2.8285182,1.7519568
261134914,-6.1288548,-2.9446764,0.96399534
261134924,-6.9263964,-4.398453,1.4801221
261134934,-6.7216225,-6.13604,2.5926087
261134943,-7.2880445,-7.345525,2.1483326
261134953,-7.1443434,-7.2066135,1.8058448
261134963,-6.927594,-7.4101906,1.4238391
261134973,-6.539601,-7.1203933,1.8872753
261134983,-6.546786,-6.8509536,1.1603869
261134993,-6.2354336,-7.340735,1.0346484
261135003,-6.3060865,-8.216114,0.8454419
261135013,-6.859336,-9.382489,0.41433838
261135023,-7.436536,-10.698552,-0.35206786
261135032,-8.738229,-7.919132,0.15208374
261135042,-0.7640112,0.17004639,-2.6405091
261135052,-4.355343,-5.4342995,-5.2319202
261135062,-6.5132556,-7.8736267,-1.299298
261135072,-9.020841,-10.4003725,-3.925437
261135090,-9.503437,-7.3850427,-6.5503783
261135100,-6.3432093,-4.325405,-11.133248
261135110,-5.466632,-4.925358,-7.004235
261135119,-5.5241127,-8.816067,-6.612649
261135129,-4.4020457,-10.841056,-5.9851537
261135139,-5.6654186,-13.985717,-2.5423133
261135149,-5.2965856,-15.035933,-2.4728577
261135159,-6.119275,-12.321178,-0.5221143
261135169,-6.6964746,-9.970467,-2.1136048
261135179,-5.830675,-6.9599266,-3.446433
261135189,-5.47741,-6.4090724,-4.0044727
261135199,-5.277426,-7.9981675,-4.61161
261135208,-4.970863,-8.503517,-7.34792
261135218,-5.22234,-6.9707046,-8.575367
261135228,-5.3552637,-4.9361353,-9.152567
261135238,-5.2415004,-3.9781275,-9.459129
261135248,-5.351671,-4.162544,-8.416099
261135258,-5.2187476,-4.367318,-7.36229
261135268,-5.0630713,-4.475094,-7.2796617
261135278,-5.0977993,-5.0570836,-7.516769
261135288,-5.093009,-5.0067883,-7.223379
261135297,-5.1935997,-4.4786863,-7.5347314
261135307,-5.2570677,-4.7912364,-7.5131764
261135317,-5.2654505,-5.17444,-7.858059
261135327,-5.4738173,-4.7744713,-7.883207
261135337,-5.5780005,-3.5410364,-8.0436735
261135347,-5.4235215,-2.2656884,-8.329878
261135357,-5.574408,-2.7842102,-8.210127
261135367,-5.3121533,-4.2152343,-8.240065
261135377,-5.3265233,-4.550537,-8.880733
261135386,-5.332511,-4.1613464,-9.460327
261135396,-4.2655296,-3.3578174,-5.9216857
261135406,-3.2823744,-5.1528845,-7.435338
261135416,-3.1578333,-5.253475,-5.8330703
261135426,-3.67875,-4.5696974,-6.40548
261135436,-4.364923,-4.406836,-8.673563
261135446,-5.101392,-3.9505847,-9.27591
261135456,-5.4259167,-3.3398547,-10.442286
261135466,-5.9049206,-2.5327332,-11.288924
261135475,-6.8258057,-2.8321106,-11.43502
261135485,-7.162306,-3.0296998,-11.254197
261135495,-6.307284,-3.2943494,-12.327166
261135505,-5.9695864,-2.9889843,-10.273437
261135515,-4.813989,-3.1889684,-9.087902
261135525,-4.3062453,-4.0008802,-4.60682
261135535,-3.2105236,-3.5158887,-3.8475988
261135545,-2.5339308,-4.252357,-5.386399
261135555,-3.3961377,-2.8357031,-9.691446
261135564,-2.3674767,-3.241659,-7.38624
261135574,-4.4667115,-3.2272887,-7.3048096
261135584,-4.855902,-4.719386,-10.019565
261135594,-5.988746,-5.9635987,-8.699908
261135604,-5.718109,-5.9192905,-7.676038
261135614,-4.5936475,-6.035449,-6.043832
261135624,-5.685776,-6.526428,-5.078639
261135634,-5.054689,-5.357659,-4.7157936
261135644,-4.9552956,-3.9290295,-6.157595
261135653,-5.6007533,-3.6164794,-7.0006423
261135663,-5.967191,-4.843927,-7.988588
261135673,-6.421047,-5.7001467,-8.268805
261135683,-6.4378123,-5.9959316,-7.2509217
261135693,-6.062992,-5.4331017,-6.791078
261135703,-6.685697,-4.821174,-6.500083
261135713,-6.891669,-3.9194496,-6.6821046
261135723,-7.2628965,-2.6033862,-8.061636
261135733,-7.052135,-3.6571949,-7.9299097
261135743,-6.546786,-3.923042,-7.401808
261135752,-6.292914,-3.791316,-6.922804
261135762,-6.8533483,-4.3948607,-7.028185
261135772,-5.344486,-4.405638,-4.89063
261135782,-5.1504893,-3.6631823,-5.181625
261135792,-6.1288548,-4.9289503,-5.8761806
261135802,-5.0726514,-6.8677187,-4.7050157
261135812,-4.6152024,-2.8153455,-7.0078273
261135822,-6.8258057,-3.9781275,-7.70837
261135832,-4.9936156,-5.6462584,-5.7935524
261135841,-6.086942,-5.7049365,-5.53489
261135851,-6.709647,-7.4329433,-5.6642213
261135861,-6.6066613,-4.92416,-6.507268
261135871,-5.9468336,-2.7662475,-5.6809864
261135881,-5.1696496,-3.5793567,-3.920647
261135891,-5.6510487,-4.2092466,-4.1218286
261135901,-6.758745,-5.5923705,-5.8785753
261135911,-7.6640625,-6.6868944,-6.0258694
261135921,-6.5455885,-5.2415004,-6.333629
261135930,-7.004235,-3.9386096,-6.7276096
261135940,-7.05453,-4.126619,-8.522677
261135950,-6.342012,-4.700226,-6.683302
261135960,-6.916816,-6.5455885,-6.2521987
261135970,-6.109695,-7.0904555,-4.6271777
261135980,-5.252278,-6.268964,-6.7431774
261135990,-6.612649,-7.317982,-6.377937
261136000,-7.3467226,-9.187295,-6.7144375
261136010,-6.1671753,-7.701185,-8.915461
261136020,-5.9923387,-5.0798364,-9.9081955
261136029,-5.676196,-3.918252,-8.430469
261136039,-5.797145,-5.22234,-6.2486057
261136049,-6.13604,-6.8042507,-5.134922
261136059,-5.157675,-7.404203,-4.581672
261136069,-5.6366787,-10.199191,-6.695277
261136079,-6.4354177,-10.779983,-6.300099
261136089,-6.7838926,-10.417137,-8.679551
261136099,-6.7767076,-9.53577,-9.2890835
261136109,-6.925199,-8.274793,-8.849597
261136118,-7.6413097,-7.828121,-7.8005786
261136128,-6.9539394,-7.132368,-6.9695067
261136138,-5.994734,-6.3671594,-6.1743603
261136148,-6.1228676,-7.2365513,-4.773274
261136158,-7.8424916,-9.547746,-2.523153
261136168,-7.8568616,-7.5251513,-2.494413
261136178,-6.73719,-4.069138,-1.9243982
261136188,-5.6091356,-2.7662475,-2.208208
261136198,-5.779182,-3.3985326,-1.7723144
261136207,-7.420968,-5.4558544,-1.6166382
261136217,-8.081993,-6.3503942,-1.4897021
261136227,-7.95865,-6.356382,-1.3495935
261136237,-7.765851,-5.9767714,-1.9124231
261136247,-7.601792,-5.170847,-2.7399023
261136257,-7.5203614,-4.29427,-1.959126
261136267,-6.5623536,-4.4810815,0.429906
261136277,-7.4904237,-5.9192905,0.13412109
261136287,-8.680748,-7.0245924,-0.7879614
261136297,-8.406519,-5.769602,-0.5233118
261136306,-7.719148,-3.7685633,0.11136841
261136316,-7.284452,-3.1494508,0.429906
261136326,-6.4162574,-4.399651,0.74365354
261136336,-6.4653554,-6.037844,2.0752845
261136346,-7.388635,-7.32397,2.1555176
261136356,-7.5814342,-7.0150123,3.1051428
261136366,-7.08327,-6.7946706,2.5686584
261136376,-6.3228517,-6.739585,4.3768983
261136386,-5.5456676,-7.3024144,4.042793
261136395,-5.940846,-4.9529004,3.5506165
261136405,-5.548063,-4.077521,3.070415
261136415,-5.021158,-5.0163684,3.6116896
261136425,-5.1433043,-5.557643,4.1026683
261136435,-5.9863515,-5.755232,4.8475194
261136445,-6.10251,-6.9048414,6.0055113
261136455,-5.9767714,-7.97781,5.863008
261136465,-6.4653554,-5.812712,3.6895275
261136475,-6.2007055,-3.109933,2.7375073
261136485,-6.3036914,-2.838098,2.0944445
261136494,-6.8725085,-3.354225,2.7351122
261136504,-8.23767,-4.7912364,-1.9447559
261136514,-6.910829,-6.363567,4.550537
261136524,-6.8186207,-5.874983,4.7457314
261136534,-7.2317615,-5.586383,4.1098537
261136544,-7.0557275,-5.715714,4.643943
261136554,-7.0880604,-6.2653713,3.9721398
261136564,-7.1443434,-5.3037705,3.2272887
261136574,-7.162306,-5.4271145,3.7577856
261136583,-6.819818,-5.0870214,3.7015028
261136593,-7.2461314,-5.452262,4.2583447
261136603,-7.7131605,-6.8066454,5.2798204
261136613,-7.0437527,-5.5935683,4.963678
261136623,-6.413862,-4.02962,4.7373486
261136633,-7.306007,-5.774392,5.7767873
261136643,-5.925278,-4.888235,3.7386255
261136653,-6.668932,-2.3099964,2.5207582
261136663,-7.394623,-6.070177,5.3133507
261136672,-6.9060388,-4.9217653,4.9301476
261136693,-7.3263645,-4.646338,4.736151
261136703,-7.01142,-4.764891,4.827162
261136713,-7.026987,-3.8679566,4.651128
261136723,-7.180269,-3.9637573,4.792434
261136733,-7.270082,-4.3278003,5.6079383
261136743,-6.7312026,-3.2572265,4.366121
261136753,-6.697672,-2.9003687,4.167334
261136763,-7.4664736,-3.8883142,4.014053
261136772,-7.7742333,-3.018922,4.237987
261136782,-7.8724294,-3.3398547,5.0654664
261136792,-7.7371106,-3.1015503,5.3780165
261136802,-7.543114,-3.018922,5.4175344
261136812,-7.4161777,-2.7818153,5.2702403
261136822,-7.780221,-3.206931,4.851112
261136832,-8.205337,-3.9278321,3.6440222
261136842,-8.5717745,-3.490741,3.7589831
261136852,-8.035291,-2.4680676,3.493136
261136861,-7.625742,-1.8094373,3.793711
261136871,-7.6149645,-1.7423767,4.1709266
261136881,-7.599397,-1.4669495,4.3924656
261136891,-7.5287437,-1.9303857,4.1457787
261136901,-7.5023985,-2.767445,4.684658
261136911,-7.891589,-3.0728102,4.963678
261136921,-8.017328,-2.8057654,4.839137
261136931,-7.794591,-2.8009753,4.8091993
261136941,-7.7933936,-2.1806653,4.7181883
261136951,-7.777826,-1.961521,4.6990285
261136960,-7.8317137,-1.9579284,4.59245
261136970,-7.9598475,-1.8585352,4.4080334
261136980,-8.049661,-2.2297633,4.4978466
261136990,-7.9251194,-1.9471508,4.4595265
261137000,-7.9083543,-1.4406042,4.3469605
261137010,-8.018525,-1.5771203,4.5301795
261137020,-8.146659,-1.8788928,4.7469287
261137030,-8.438851,-1.4310242,4.736151
261137040,-8.320298,-0.98674804,4.550537
261137049,-8.214917,-1.3136683,4.7086086
261137059,-8.235274,-1.7244141,4.7912364
261137069,-8.216114,-1.3903089,4.878655
261137079,-8.254435,-1.3711487,4.869075
261137089,-8.302335,-1.8968555,5.16486
261137099,-8.29994,-1.6274158,5.1768346
261137109,-8.291557,-1.0310559,4.9720607
261137119,-8.176597,-0.7867639,4.9133825
261137129,-8.150251,-0.85023195,5.003196
261137138,-8.181387,-0.6981482,4.9289503
261137148,-8.242459,-0.7244934,4.794829
261137158,-8.096363,-0.94363767,4.9014072
261137168,-8.246052,-1.5723304,4.942123
261137178,-8.213719,-1.9184107,5.0067883
261137188,-8.1143265,-1.8094373,5.1289344
261137198,-7.818541,-1.6944764,5.005591
261137208,-7.8796144,-1.8741028,4.9996033
261137218,-8.05924,-2.0130138,5.0642686
261137228,-7.921527,-1.5364051,4.8547044
261137237,-7.858059,-1.045426,4.6475353
261137247,-8.0580435,-1.0490185,4.5217967
261137257,-8.184979,-1.6669335,4.6654983
261137267,-8.192164,-1.6094531,4.926555
261137277,-8.141869,-1.1867322,5.0187635
261137287,-7.7886033,-1.5004797,4.92416
261137297,-7.99697,-1.7974621,5.0738487
261137307,-8.073611,-2.3327491,1.6669335
261137317,-9.72378,-5.606741,-2.743495
261137326,-8.194559,1.3316308,5.586383
261137336,-7.5491014,-2.5207582,4.1709266
261137346,-7.7538757,-1.2178674,6.1695704
261137356,-7.04974,0.5712122,4.5325747
261137366,-10.310559,-2.1040246,4.212839
261137376,-9.932146,-0.0059875487,4.7672863
261137386,-7.904762,-0.8861572,5.3528686
261137396,-8.028106,-1.7471668,5.860613
261137406,-8.849597,-1.7028589,5.739664
261137415,-8.642428,-1.7327967,5.613926
261137425,-8.032895,-1.2717553,5.349276
