2180689789,-6.389912,-1.3016931,6.7204247
2180689799,-6.321654,-1.1963123,6.531218
2180689808,-6.2737536,-1.1687695,6.524033
2180689818,-6.157595,-1.1579919,6.3994923
2180689828,-6.1324477,-1.0226734,6.4713426
2180689838,-6.067782,-0.93286014,6.41506
2180689848,-6.0893373,-0.80592406,6.2521987
2180689858,-6.030659,-0.76760375,6.2498035
2180689868,-6.0965223,-1.3927039,6.377937
2180689878,-6.3432093,-1.8238074,6.43901
2180689887,-6.4186525,-1.8824854,6.4030848
2180689897,-6.580316,-1.7160316,6.671327
2180689907,-6.6581545,-1.4885046,6.358777
2180689917,-6.7264123,-1.0705737,5.7217016
2180689927,-6.7132397,-1.1400293,5.266648
2180689937,-6.680907,-0.9448352,4.3589354
2180689947,-5.835465,-0.55803955,3.634442
2180689957,-5.2019825,-0.4035608,3.0392797
2180689967,-4.758904,-0.39637575,2.198628
2180689976,-4.233197,-0.30895752,1.7088464
2180689986,-3.7517982,-0.9412427,0.90531737
2180689996,-3.7745507,-1.5663428,-0.9292676
2180690006,-4.1457787,-3.1985486,-1.7040564
2180690016,-4.204457,-6.124065,-1.8250049
2180690026,-4.719386,-9.565708,-1.7818946
2180690036,-5.107379,-12.293635,-1.2490027
2180690046,-4.997208,-13.54623,-1.8250049
2180690055,-4.7457314,-14.697038,-1.6262183
2180690065,-4.3457627,-14.704223,-2.4884253
2180690075,-4.0631504,-13.231285,-2.3507116
2180690085,-3.9805224,-12.309203,-1.8309925
2180690095,-3.8344262,-12.506792,-3.5434313
2180690105,-4.4331813,-11.830199,-3.744613
2180690115,-4.5517344,-10.360854,-4.5936475
2180690125,-5.422324,-10.2878065,-4.91458
2180690135,-6.8653235,-11.867322,-3.2991395
2180690144,-5.6390734,-13.630056,-1.7208215
2180690154,-4.7205834,-11.621832,-1.155597
2180690164,-6.004314,-10.661429,-0.6885681
2180690174,-7.3491173,-10.842254,0.069455564
2180690184,-7.1263804,-10.0698595,0.33171022
2180690194,-6.3551846,-10.196795,0.7137158
2180690204,-5.7564297,-9.467512,0.7364685
2180690214,-5.532495,-7.5251513,0.6394702
2180690224,-5.572013,-6.7120423,0.39877075
2180690233,-5.557643,-7.1120105,-0.29817992
2180690247,-6.771918,-8.137079,-0.6646179
2180690256,-6.9922595,-9.633966,0.08981323
2180690266,-6.342012,-11.151211,0.70533323
2180690276,-6.5934887,-11.11289,1.0885364
2180690286,-5.980364,-9.831555,2.098037
2180690296,-5.0989966,-9.008866,1.5064673
2180690306,-4.677473,-8.426876,0.5173242
2180690316,-2.4022045,-6.573131,1.6453785
2180690326,-4.140989,-3.681145,-3.817661
2180690336,-9.051976,-5.7707996,-2.591411
2180690345,-9.82916,-10.163265,-1.9998413
2180690355,-7.084468,-10.019565,-0.10059082
2180690365,-7.0090246,-8.994495,0.26704466
2180690375,-6.9539394,-9.47829,0.27422974
2180690385,-6.0402393,-10.3931875,0.33889526
2180690395,-6.205496,-10.336905,-0.11975098
2180690405,-5.5468655,-8.458012,-1.2813355
2180690415,-5.3552637,-7.0437527,-2.9662316
2180690424,-6.427035,-5.8079224,-3.0368848
2180690434,-6.8090405,-5.2582655,-3.0931678
2180690444,-6.988667,-5.755232,-2.3950195
2180690454,-7.180269,-6.431825,-2.3267615
2180690464,-5.6642213,-6.9778895,-1.9232007
2180690474,-4.4331813,-8.132289,-2.0166063
2180690484,-3.9266346,-9.369316,-2.926714
2180690494,-4.714596,-10.1189575,-4.3206153
2180690504,-5.4019666,-9.760902,-4.502637
2180690513,-7.106023,-10.223141,-3.7517982
2180690523,-5.892946,-8.57896,-5.334906
2180690533,-7.04974,-9.2328005,-4.651128
2180690543,-6.817423,-8.446036,-3.8428087
2180690553,-5.013973,-8.707093,-4.373306
2180690563,-3.3039293,-7.443721,-3.5386415
2180690573,-2.7219398,-7.589817,-2.7710376
2180690583,-2.7782226,-8.158634,-2.8153455
2180690593,-3.9589672,-9.090297,-2.4069946
2180690602,-4.797224,-9.865086,-4.9061975
2180690612,-4.380491,-8.612491,-7.2581067
2180690622,-4.811594,-7.042555,-8.140672
2180690632,-5.125342,-5.797145,-8.825647
2180690642,-5.6821837,-5.125342,-7.3191795
2180690652,-4.7696815,-5.007986,-3.9481897
2180690662,-1.971101,-5.403164,-4.27032
2180690672,-1.2885205,-5.461842,-5.5923705
2180690681,-3.3662,-5.278623,-7.2173915
2180690691,-4.0954833,-4.8810496,-8.450827
2180690701,-4.813989,-4.819977,-6.980284
2180690711,-4.6990285,-4.524192,-8.768167
2180690721,-4.9948134,-3.718268,-8.766969
2180690731,-5.508545,-3.3087194,-9.872271
2180690741,-5.036726,-2.8596532,-10.304571
2180690751,-4.453539,-2.3782544,-9.746532
2180690761,-3.8823266,-2.8488758,-8.28557
2180690770,-4.4331813,-4.770879,-7.6940002
2180690780,-5.116959,-5.1289344,-9.041199
2180690790,-5.364844,-4.1781116,-8.819659
2180690800,-4.9289503,-5.029541,-9.501042
2180690810,-5.1552796,-7.306007,-9.717792
2180690820,-4.5074267,-5.1229467,-11.741583
2180690830,-5.23671,-5.4810023,-10.12734
2180690840,-5.031936,-5.310956,-8.667576
2180690849,-4.8259645,-3.7625756,-8.5154915
2180690859,-3.598517,-1.4908997,-7.5035963
2180690869,-3.7027001,-3.2715967,-4.794829
2180690879,-2.6560767,-6.5060706,-1.890868
2180690889,-3.9086719,-5.4953723,-4.6355605
2180690899,-3.634442,-4.806804,-6.4797254
2180690909,-4.4499464,-5.891748,-6.7383876
2180690919,-4.884642,-6.42943,-8.250842
2180690929,-4.6104126,-7.5538917,-8.205337
2180690938,-5.0666637,-7.254514,-6.6916847
2180690948,-3.382965,-6.211483,-3.8152661
2180690958,-2.0058289,-5.652246,-4.7816563
2180690968,-1.8214123,-7.2928343,-4.4990444
2180690978,-3.08239,-6.7503624,-4.6175976
2180690988,-4.0679407,-5.7312818,-5.9420433
2180691003,-4.1385937,-4.30864,-5.1995873
2180691013,-5.3852015,-5.069059,-5.2115626
2180691023,-5.2139573,-6.427035,-4.3230104
2180691033,-3.869154,-8.396938,-3.2368689
2180691043,-3.2644117,-10.389595,-2.5566833
2180691053,-4.0260277,-11.664943,-3.766168
2180691063,-5.908513,-11.009905,-3.9493873
2180691073,-5.53968,-8.673563,-4.0092626
2180691082,-3.4500256,-7.3371425,-5.4606447
2180691092,-3.1650183,-7.7610607,-5.965994
2180691102,-4.9672704,-10.025552,-5.1385145
2180691112,-7.195836,-12.357103,-3.9314246
2180691122,-5.349276,-9.655521,-8.119116
2180691132,-4.9373326,-8.505912,-4.085903
2180691142,-3.1590307,-10.274633,-4.296665
2180691152,-7.500004,-12.322375,-3.190166
2180691161,-6.971902,-13.086387,1.2034973
2180691171,-7.1994286,-11.875705,-0.6059399
2180691181,-5.215155,-11.497292,3.739823
2180691191,-5.78038,-13.540243,-1.1184741
2180691201,-6.915619,-10.741663,-1.2226574
2180691211,-4.6175976,-6.227051,-2.0800745
2180691221,-2.2393432,-3.7194653,-0.061072998
2180691231,-4.022435,-6.1983104,0.1963916
2180691241,-7.3634877,-9.825567,2.8596532
2180691250,-7.228169,-10.899734,4.1565566
2180691260,-6.324049,-6.9683094,4.590055
2180691270,-3.979325,-3.7158728,2.6740394
2180691280,-5.898933,-4.162544,0.031135254
2180691290,-4.7038183,-5.52531,1.0142908
2180691300,-5.769602,-8.005353,3.0153296
2180691310,-6.218668,-7.7442956,3.5997143
2180691320,-5.20318,-5.004393,4.028423
2180691330,-3.185376,-2.706372,3.2572265
2180691339,-5.1696496,-2.7231371,3.5206788
2180691349,-7.2652917,-2.3495142,5.2283278
2180691359,-6.6868944,-1.2801379,6.476133
2180691369,-6.7970653,-1.9291883,7.0090246
2180691379,-6.837781,-2.1207898,7.2090087
2180691389,-6.431825,-1.5759228,6.5946865
2180691399,-6.5300207,-0.7209009,5.8342676
2180691409,-6.6797094,-1.6357983,5.2678456
2180691419,-6.5012803,-1.541195,5.1672544
2180691428,-6.098917,-1.3112732,5.132527
2180691438,-6.441405,-2.3483167,5.4558544
2180691448,-6.6090565,-3.7961059,6.309679
2180691458,-5.9228835,-2.990182,6.6162415
2180691468,-6.587501,-2.6572742,7.1539235
2180691478,-7.3766603,-3.253634,8.308323
2180691488,-6.676117,-2.9207263,7.757468
2180691498,-5.2163525,-2.3590941,5.8079224
2180691507,-5.781577,-0.30776,6.356382
2180691517,-6.052214,-1.7962646,4.557722
2180691527,-5.5684204,-3.7949085,2.4716601
2180691537,-5.898933,-6.180348,7.029382
2180691547,-6.8569407,-3.810476,5.245093
2180691557,-4.1529636,-4.2020617,5.9683886
2180691567,-8.091574,-4.0463853,5.781577
2180691577,-5.0582814,-1.6860938,5.039121
2180691587,-4.518204,-0.29817992,3.514691
2180691596,-6.4749355,-2.1315675,4.235592
2180691606,-5.696554,-2.6931994,2.802173
2180691616,-5.630691,-4.218827,4.0368056
2180691626,-6.2258534,-6.2977037,2.8165429
2180691636,-5.8953404,-5.4678297,4.176914
2180691646,-5.1205516,-5.2187476,1.3855188
2180691656,-6.709647,-4.8103967,3.6571949
2180691666,-5.4881873,-4.9085927,2.9877868
2180691676,-6.798263,-3.8583765,4.367318
2180691685,-6.4174547,-2.4465125,2.5267456
2180691695,-3.8811293,0.5376819,-1.6872913
2180691705,-2.957849,-5.0750465,1.8106347
2180691715,-4.126619,-11.596684,2.2932312
2180691725,-9.534573,-18.882334,-0.796344
2180691735,-9.138197,-13.088781,0.7592212
2180691745,-6.817423,-10.314152,-2.2656884
2180691755,-6.4485903,-8.5598,-2.3004162
2180691764,-5.918093,-6.4869103,-2.753075
2180691774,-5.398374,-5.7300844,-1.9363732
2180691784,-5.151687,-6.6258216,-0.7256909
2180691794,-5.5935683,-8.969348,-1.0933264
2180691804,-6.6282167,-10.451865,-1.3388159
2180691814,-6.8461633,-9.648336,-1.9255958
2180691824,-6.349197,-6.927594,-1.8010547
2180691834,-6.028264,-5.8007374,-2.5662634
2180691844,-5.5432725,-5.6726036,-3.2308815
2180691853,-4.888235,-7.1874537,-3.0620325
2180691870,-3.7649708,-8.804091,-3.9050794
2180691880,-4.6523256,-9.595646,-5.1672544
2180691890,-6.9695067,-10.750045,-5.294191
2180691900,-6.5575633,-12.273277,-4.5840673
2180691910,-5.532495,-11.669733,-5.7288866
2180691919,-5.2882032,-9.254355,-7.719148
2180691929,-4.763694,-8.0999565,-8.273595
2180691939,-4.8798523,-7.6784325,-7.1850586
2180691949,-4.996011,-7.785011,-7.303612
2180691959,-5.6821837,-7.7442956,-7.8951817
2180691969,-4.766089,-7.4293504,-7.582632
2180691979,-4.693041,-7.989785,-5.8881555
2180691989,-5.007986,-7.6640625,-5.372029
2180691998,-4.3780956,-6.308481,-5.9061184
2180692008,-3.8164637,-6.375542,-6.6701293
2180692018,-5.266648,-7.699988,-7.6305323
2180692028,-6.9359765,-8.635242,-5.2678456
2180692038,-7.740703,-6.964717,-5.5372853
2180692048,-6.1695704,-4.0104604,-4.677473
2180692058,-3.5266662,-2.945874,-5.149292
2180692068,-2.1639001,-3.2177088,-5.419929
2180692078,-3.0991552,-5.2798204,-5.4414845
2180692087,-5.7564297,-7.1347632,-4.4511437
2180692097,-7.276069,-8.097561,-3.7158728
2180692107,-4.309838,-5.437892,-3.2991395
2180692117,-2.77463,-5.445077,-4.223617
2180692127,-4.5469446,-7.274872,-4.9912205
2180692137,-5.7588243,-7.379055,-4.884642
2180692147,-4.712201,-6.6377964,-4.678671
2180692157,-1.3747412,-5.901328,-3.8751416
2180692166,-0.6730005,-6.876101,-3.6021094
2180692176,-2.4824378,-8.695118,-2.9853919
2180692186,-6.781498,-9.889035,-3.1135254
2180692196,-10.099797,-9.645941,-2.7291248
2180692206,-6.4162574,-9.320218,-1.4621594
2180692216,-4.022435,-9.339378,-1.1076965
2180692226,-5.445077,-9.097482,-1.23104
2180692236,-4.8726673,-5.867798,-1.7280066
2180692246,-3.2715967,-4.4319835,-2.027384
2180692255,-4.126619,-7.547904,-1.6968713
2180692265,-5.588778,-9.422007,-2.0142114
2180692275,-6.221063,-9.669891,-2.9602442
2180692285,-5.437892,-10.050699,-1.6621436
2180692295,-4.839137,-10.4638405,-0.4035608
2180692305,-4.8966174,-10.474618,-0.2215393
2180692315,-4.581672,-8.323891,-0.39877075
2180692325,-3.241659,-8.437654,0.25147706
2180692335,-4.590055,-10.1752405,1.3831238
2180692344,-6.5443907,-9.20406,-1.3807287
2180692354,-6.0031166,-8.93462,-1.3376184
2180692364,-4.8427296,-8.098759,-1.8657203
2180692374,-4.724176,-7.4832387,-2.6393116
2180692384,-4.3613305,-8.217312,-0.7723938
2180692394,-5.23671,-9.430389,-0.08023316
2180692404,-5.4881873,-9.801618,0.022752685
2180692414,-5.109774,-9.237591,-0.56881714
2180692423,-5.085824,-10.08902,-0.9244775
2180692433,-4.2296047,-9.423204,-2.4177723
2180692443,-5.2343154,-7.9826,-3.8368213
2180692453,-5.7612195,-4.91458,-4.843927
2180692463,-6.7599425,-3.2955468,-4.3685155
2180692473,-7.150331,-4.567302,-1.6825012
2180692483,-5.380411,-7.933502,-1.9232007
2180692493,-3.6392322,-9.736952,-2.818938
2180692503,-2.931504,-9.677076,-4.045188
2180692512,-3.5637891,-8.752599,-5.325326
2180692522,-4.29427,-8.138276,-5.860613
2180692532,-4.6175976,-8.538244,-5.9911413
2180692542,-5.133724,-9.704619,-5.26066
2180692552,-6.189928,-10.195599,-1.8034497
2180692562,-6.013894,-9.78126,-0.8466394
2180692572,-5.0558863,-9.034014,-0.76640624
2180692582,-4.0320153,-8.788525,-1.5543677
2180692591,-3.8931043,-8.0305,-2.5734484
2180692601,-3.737428,-7.9981675,-4.5122166
2180692611,-4.623585,-7.38624,-4.691843
2180692621,-4.9109874,-7.0150123,-6.3911095
2180692631,-5.109774,-7.282057,-6.077362
2180692641,-4.3050475,-7.2736745,-8.759784
2180692651,-4.291875,-6.6473765,-7.8496766
2180692661,-4.340973,-6.75635,-9.662706
2180692671,-5.23671,-6.9527416,-11.197914
2180692680,-4.902605,-6.043832,-7.0904555
2180692690,-3.7601807,-6.0881395,-6.6114516
2180692700,-3.8368213,-7.005432,-5.163662
2180692710,-1.6729212,-5.640271,-1.6465759
2180692720,-1.4370117,-6.7276096,-6.631809
2180692730,-3.05844,-7.122788,-7.067703
2180692740,-5.078639,-6.650969,-6.9024463
2180692750,-4.8894324,-5.6809864,-7.721543
2180692759,-4.204457,-4.8738647,-8.799302
2180692769,-4.0008802,-4.3697133,-10.249486
2180692779,-5.0403185,-4.4715014,-12.63253
2180692789,-5.8582177,-3.854784,-12.142749
2180692799,-5.3289185,-3.5326538,-12.4337435
2180692809,-4.877457,-3.1207104,-9.200467
2180692819,-3.5170863,-3.3673975,-10.284214
2180692829,-4.205654,-4.176914,-7.5934095
2180692839,-3.7158728,-4.2978625,-7.5922117
2180692848,-3.4655933,-3.3314722,-7.0257897
2180692858,-4.2810974,-2.8608508,-8.369396
2180692868,-4.253555,-2.5387206,-8.322693
2180692878,-3.5458264,-3.4775684,-8.305927
2180692888,-5.5265074,-4.806804,-10.95482
2180692898,-7.268884,-3.1302905,-10.75244
2180692908,-3.69791,-0.16765137,-9.993219
2180692918,-3.7996986,-2.7482848,-7.253317
2180692928,-4.8714695,-5.012776,-8.265212
2180692937,-3.7709582,-4.5565248,-8.225695
2180692947,-4.5134144,-4.4427614,-7.8724294
2180692957,-5.604346,-3.9877076,-8.529862
2180692967,-5.8151073,-3.7793407,-9.953701
2180692977,-7.4568934,-4.091891,-10.547666
2180692987,-6.204298,-4.142186,-8.6208725
2180692997,-4.8870373,-2.3016138,-8.162227
2180693007,-4.5229945,-0.94962525,-8.466394
2180693016,-6.603069,-6.067782,-6.2498035
2180693026,-2.8009753,-6.964717,-5.3540664
2180693036,-3.1590307,-4.942123,-5.5600376
2180693046,-5.1433043,-4.381688,-5.8103175
2180693056,-4.115841,-6.0570045,-6.091732
2180693066,-5.2331176,-5.1864147,-8.338261
2180693076,-4.580475,-6.292914,-6.540798
2180693086,-4.7277684,-5.7863674,-7.1599107
2180693096,-4.7445335,-5.1756372,-8.91067
2180693105,-5.4678297,-5.3684363,-9.0076685
2180693115,-5.2702403,-6.004314,-8.244855
2180693125,-4.373306,-6.0977197,-8.618478
2180693135,-4.382886,-4.925358,-7.203021
2180693145,-4.1661363,-5.4905825,-5.8833656
2180693155,-3.7709582,-6.0426345,-4.88584
2180693174,-2.6273365,-4.7325587,-5.2019825
2180693184,-3.6547997,-4.5684996,-5.8007374
2180693194,-5.2091675,-5.8175025,-5.6582336
2180693204,-3.2787817,-4.3445654,-5.8222923
2180693214,-2.7913952,-2.1016297,-6.661747
2180693224,-3.9661524,-4.4080334,-6.540798
2180693234,-5.316943,-6.1324477,-6.004314
2180693243,-5.0355287,-6.709647,-4.8283596
2180693253,-5.108577,-9.645941,-3.5398388
2180693263,-5.8103175,-13.23847,-2.7710376
2180693273,-4.27511,-11.994258,-2.0237916
2180693283,-3.051255,-7.862849,-3.9086719
2180693293,-3.2967443,-5.821095,-5.85223
2180693303,-3.854784,-6.5851064,-5.2798204
2180693313,-3.67875,-7.1527257,-6.9898643
2180693323,-3.2739916,-5.78996,-8.489147
2180693332,-5.469027,-6.716832,-8.954978
2180693342,-7.5538917,-9.509425,-7.026987
2180693352,-8.147857,-12.128379,-4.5780797
2180693362,-6.5910935,-13.654006,-1.6046631
2180693372,-4.658313,-12.258907,-3.7709582
2180693382,-6.1037073,-12.397819,-1.0466236
2180693392,-3.9805224,-11.153606,-3.8044884
2180693402,-3.0368848,-7.570657,-7.4293504
2180693412,-4.487069,-6.177953,-7.01142
2180693421,-6.3444066,-9.978848,-3.8296363
2180693431,-6.2174706,-12.9355,1.8154248
2180693441,-6.873706,-13.18578,2.0752845
2180693451,-4.958888,-10.820698,2.9422815
2180693461,-6.695277,-11.733201,4.757706
2180693471,-2.8883936,-9.171727,-0.20836669
2180693481,-3.9338195,-6.1372375,-1.2490027
2180693491,-5.7456517,-5.149292,-1.3352234
2180693501,-3.3374598,-2.5123756,-1.3040881
2180693510,-1.8884729,-2.0369642,-2.1639001
2180693520,-5.938451,-7.2293663,4.540957
2180693530,-6.009104,-9.131012,4.8475194
2180693540,-5.8294773,-7.9933777,2.7099645
2180693550,-7.1838613,-6.8413734,2.9614418
2180693560,-4.6810656,-5.556445,4.398453
2180693570,-3.8943017,-5.7528367,4.918173
2180693580,-5.4977674,-5.3073635,2.8620484
2180693590,-6.2174706,-2.1411474,3.8487964
2180693599,-5.5732102,-1.1915222,5.901328
2180693609,-6.3815293,-2.1124072,6.2078905
2180693619,-6.551576,-2.3028114,6.9132237
2180693629,-6.956334,-2.7722352,7.2090087
2180693639,-6.773115,-3.4308655,7.0976405
2180693649,-6.1695704,-2.4536974,5.9049206
2180693659,-5.9216857,-1.2346326,5.5444703
2180693669,-6.3671594,-1.8118323,5.629493
2180693678,-7.05932,-1.6525635,5.405559
2180693688,-6.3060865,0.19160156,4.6882505
2180693698,-6.622229,-1.1076965,3.7805383
2180693708,-6.9611244,-3.505111,6.0761647
2180693718,-6.854546,-3.4117053,6.0414367
2180693728,-6.036647,-3.7529955,5.7707996
2180693738,-6.9587293,-3.2847693,6.646179
2180693748,-5.4702244,-4.416416,6.7192273
2180693758,-7.5862246,-3.0285022,6.707252
2180693767,-5.005591,-3.9266346,6.0593996
2180693777,-8.5598,-2.5195606,6.918014
2180693787,-5.4235215,-4.870272,3.1302905
2180693797,-6.1468177,-4.9205675,7.6305323
2180693807,-7.061715,-4.740941,5.0966015
2180693817,-3.6751575,-2.7878027,4.4511437
2180693827,-7.1191955,-4.3385777,6.4030848
2180693837,-5.5073476,-3.913462,4.0332127
2180693847,-5.139712,-3.9398072,5.677394
2180693856,-6.243816,-2.945874,3.4691858
2180693866,-4.221222,-4.9696655,3.9445972
2180693876,-6.173163,-4.4020457,4.758904
2180693886,-5.6259007,-6.084547,4.5888577
2180693896,-7.223379,-5.237908,4.470304
2180693906,-3.7086878,-1.9387683,1.0035132
2180693916,-6.0617943,-6.4893055,2.2321582
2180693926,-4.517007,-5.53968,3.969745
2180693935,-6.8976564,-8.605305,2.4680676
2180693945,-6.171965,-4.5038342,3.4655933
2180693955,-5.581593,-2.7363098,3.4152977
2180693965,-5.8725877,-1.5328125,3.4428406
2180693975,-5.2019825,-4.726571,0.84065187
2180693985,-3.5242712,-6.079757,5.372029
2180693995,-8.073611,-11.512859,2.4117846
2180694005,-7.33355,-11.534414,1.3364209
2180694015,-3.8404138,-8.6771555,2.3016138
2180694024,-7.2006264,-11.555969,1.035846
2180694034,-7.452103,-10.003997,-2.3315516
2180694044,-3.627257,-1.0801538,1.4274316
2180694054,-4.2104445,-6.239026,-2.5279431
2180694064,-4.57329,-6.8952613,-0.13771363
2180694074,-6.5551686,-11.109298,-1.8764977
2180694084,-7.723938,-10.79555,-2.0525317
2180694094,-7.2904396,-9.050778,-0.27782226
2180694104,-5.8977356,-7.6484947,-2.208208
2180694113,-5.0019984,-6.7455726,-1.6154407
2180694123,-5.3756213,-6.3204565,-3.556604
2180694133,-6.0833497,-6.219866,-3.5793567
2180694143,-6.0893373,-7.2928343,-3.3314722
2180694153,-5.586383,-8.655601,-3.7122803
2180694163,-4.6906457,-9.341774,-4.6319675
2180694173,-4.6810656,-10.085427,-5.6833816
2180694183,-5.2403026,-9.81958,-5.830675
2180694192,-6.023474,-9.244776,-6.8413734
2180694202,-5.4342995,-8.498727,-7.599397
2180694212,-5.0403185,-9.217233,-6.6282167
2180694222,-4.9061975,-8.644823,-6.715635
2180694240,-5.290598,-6.8557434,-7.1168003
2180694250,-5.492977,-7.061715,-7.460486
2180694260,-5.500162,-8.21851,-7.212601
2180694270,-5.3313136,-8.031698,-5.9061184
2180694280,-4.628375,-7.508386,-6.1120896
2180694289,-4.8642845,-7.374265,-5.557643
2180694299,-4.319418,-6.685697,-6.1863356
2180694309,-4.014053,-6.2545934,-7.0952454
2180694319,-4.059558,-6.9240017,-7.450906
2180694329,-4.045188,-7.0461473,-7.6149645
2180694339,-4.1852965,-6.258186,-8.812474
2180694349,-4.4583287,-4.5421543,-9.471105
2180694359,-4.693041,-4.023633,-7.9574523
2180694369,-4.55892,-5.373226,-6.7599425
2180694378,-5.50136,-7.1431456,-4.629573
2180694388,-5.2139573,-7.8149486,-3.37578
2180694398,-3.9278321,-8.144264,-2.0692968
2180694408,-3.2153137,-8.186176,-3.446433
2180694418,-4.1074586,-6.6006737,-4.90021
2180694428,-4.839137,-5.5636306,-6.171965
2180694438,-4.9540977,-5.574408,-8.170609
2180694448,-6.1851377,-5.3145485,-7.533534
2180694457,-7.0018396,-5.4965696,-7.6808276
2180694467,-3.4548156,-3.859574,-5.7851696
2180694477,-1.1412268,-3.69312,-4.843927
2180694487,-2.4932153,-5.8725877,-4.1565566
2180694497,-5.6726036,-8.101153,-2.6536818
2180694507,-6.0881395,-8.796906,-1.2693603
2180694517,-4.4415636,-7.2389464,-1.3172607
2180694527,-4.360133,-6.6569567,-2.123185
2180694537,-5.290598,-8.281978,-1.9423609
2180694546,-5.6486535,-10.09381,-1.2669654
2180694556,-6.2246556,-10.76681,-0.55923706
2180694566,-5.691764,-10.644665,-1.167572
2180694576,-5.310956,-8.595725,-1.7507592
2180694586,-5.6893687,-6.8186207,-2.46208
2180694596,-5.6259007,-7.6484947,-0.798739
2180694606,-5.1229467,-8.754993,0.05748047
2180694616,-5.007986,-8.504714,1.8764977
2180694626,-4.7912364,-8.85798,2.2896388
2180694635,-4.693041,-10.52132,4.460724
2180694645,-5.7145166,-10.884167,3.7565882
2180694655,-4.1589513,-8.375383,3.307522
2180694665,-4.1781116,-7.6544824,0.69216067
2180694675,-4.599635,-6.375542,-1.5232325
2180694685,-4.6427455,-8.840017,1.1975098
2180694695,-3.8487964,-8.129894,1.9866687
2180694705,-5.464237,-8.786129,2.1195922
2180694715,-7.1850586,-13.028906,4.3493557
2180694724,-5.4187317,-11.33443,5.23671
2180694734,-4.7624965,-8.503517,3.9146595
2180694744,-5.6510487,-7.4568934,3.3410523
2180694754,-5.748047,-7.93949,3.1063404
2180694764,-5.522915,-6.3671594,2.2812562
2180694774,-5.8486376,-4.6403503,1.5962806
2180694784,-4.951703,-4.1050634,1.8285974
2180694794,-4.2727146,-4.829557,2.1962328
2180694804,-4.221222,-5.8953404,2.010619
2180694813,-3.5853443,-6.986272,1.8070422
2180694823,-4.2763076,-7.397018,1.1807446
2180694833,-5.9851537,-7.0329747,0.5173242
2180694843,-5.836663,-5.0989966,0.81310916
2180694853,-5.605543,-4.7672863,0.42152345
2180694863,-6.631809,-5.7049365,-0.6011499
2180694873,-6.700067,-6.1815453,-1.1472144
2180694883,-5.8737855,-6.70845,-1.3974938
2180694897,-4.9385304,-7.508386,-2.3614893
2180694907,-4.716991,-8.537047,-3.6416273
2180694917,-4.9948134,-10.172846,-2.9841943
2180694927,-4.470304,-11.603869,-1.5711328
2180694937,-3.735033,-11.920012,-1.4322217
2180694946,-3.6607873,-10.41594,-2.7003846
2180694956,-4.042793,-8.98731,-3.5578015
2180694966,-4.5469446,-9.025631,-2.6668541
2180694976,-5.886958,-10.244696,-0.8346643
2180694986,-6.8317933,-11.218271,0.75083864
2180694996,-4.8008165,-9.845925,-0.61791503
2180695006,-4.4415636,-8.959768,-0.45265868
2180695016,-3.7158728,-8.434061,-0.432301
2180695026,-3.3302746,-7.923922,-0.45026368
2180695035,-2.8165429,-7.806566,-2.2381458
2180695045,-2.8656409,-8.327483,-5.19839
2180695055,-3.8440063,-8.323891,-7.755073
2180695065,-4.702621,-7.276069,-6.4557753
2180695075,-5.5169277,-7.013815,-7.197034
2180695085,-5.816305,-7.35271,-7.0904555
2180695095,-4.8307543,-7.3563023,-6.8964586
2180695105,-3.8464015,-7.9083543,-5.388794
2180695115,-2.8105555,-8.087981,-6.556366
2180695124,-3.5446289,-7.65089,-7.108418
2180695134,-4.125421,-6.4641576,-7.028185
2180695144,-4.4475513,-5.9863515,-7.0581226
2180695154,-4.4176135,-5.962401,-6.8401756
2180695164,-4.5708947,-5.936056,-4.467909
2180695174,-3.319497,-5.767207,-6.15041
2180695184,-3.6045043,-6.2821364,-8.101153
2180695194,-4.493057,-6.5623536,-8.18977
2180695204,-5.125342,-6.270161,-9.245973
2180695213,-5.2019825,-5.6893687,-8.36221
2180695223,-4.324208,-4.4319835,-9.0076685
2180695233,-4.1302114,-3.5757642,-9.295071
2180695243,-4.4511437,-3.3458424,-10.109378
2180695253,-4.8175817,-3.6751575,-10.632689
2180695263,-4.4978466,-3.7362304,-9.522597
2180695273,-5.0594788,-3.7314405,-9.20406
2180695283,-4.5349693,-2.6728418,-9.856703
2180695292,-4.7445335,-1.9974463,-9.148974
2180695302,-3.2919543,-2.13516,-8.6077
2180695312,-5.021158,-3.5170863,-8.462802
2180695322,-3.9637573,-3.2308815,-9.474697
2180695332,-3.7218604,-2.5662634,-6.46775
2180695342,-2.6213489,-2.9770093,-7.303612
2180695352,-5.957611,-3.800896,-7.5910144
2180695362,-3.2943494,-0.75682616,-10.631492
2180695372,-4.517007,-2.3698719,-8.390951
2180695382,-3.873944,-3.8200562,-10.059082
2180695391,-5.508545,-3.8344262,-9.47829
2180695401,-5.5217175,-3.4021254,-10.554852
2180695411,-4.813989,-3.4045203,-9.465117
2180695421,-5.1373167,-3.0859826,-9.20885
2180695431,-4.9576902,-2.7878027,-8.491542
2180695441,-5.0750465,-3.1817834,-9.042397
2180695451,-6.14083,-3.7506006,-9.286688
2180695461,-6.1887302,-4.071533,-9.671089
2180695470,-6.7359924,-3.8907092,-7.782616
2180695480,-3.864364,-2.0046313,-9.987231
2180695490,-6.5036755,-2.1974304,-9.612411
2180695500,-7.721543,-7.620952,-6.8329906
2180695510,-3.9457946,-6.1444225,-6.43901
2180695520,-2.7901978,-0.94962525,-7.067703
2180695530,-3.6955152,-5.854625,-5.5025573
2180695540,-4.006868,-5.4630394,-7.4712634
2180695550,-5.540878,-5.4247193,-7.3191795
2180695559,-3.7517982,-5.667814,-8.423284
2180695569,-4.819977,-4.6271777,-7.770641
2180695579,-4.169729,-4.548142,-8.681946
2180695589,-4.6199927,-4.7888417,-8.484357
2180695599,-5.1672544,-4.9720607,-9.154963
2180695609,-4.7840514,-4.907395,-9.091495
2180695624,-4.4834766,-4.2511597,-8.832832
2180695634,-4.103866,-4.135001,-8.702304
2180695644,-4.4810815,-5.0475035,-6.75156
2180695654,-3.747008,-6.333629,-4.7469287
2180695664,-2.6201513,-4.5421543,-5.82349
2180695673,-3.4691858,-5.037924,-7.389833
2180695683,-3.9493873,-5.4750147,-6.5719337
2180695693,-3.1985486,-3.9829175,-6.5851064
2180695703,-3.5769618,-3.5434313,-7.822134
2180695713,-4.162544,-5.2415004,-6.0055113
2180695723,-5.7863674,-7.6664577,-5.126539
2180695733,-5.23671,-7.5203614,-4.9744554
2180695743,-4.439169,-7.1658983,-4.0679407
2180695753,-3.937412,-7.8329115,-3.4548156
2180695762,-4.0332127,-9.477093,-2.45729
2180695772,-4.3840833,-9.363329,-2.8919861
2180695782,-4.646338,-7.98739,-5.4115467
2180695792,-4.2319994,-6.189928,-7.1371584
2180695802,-4.3697133,-6.2713585,-8.235274
2180695812,-2.6812243,-5.7288866,-11.030262
2180695822,-4.0511756,-6.030659,-10.582394
2180695832,-6.377937,-6.890471,-8.556208
2180695842,-6.3360243,-9.211246,-5.5372853
2180695851,-6.7599425,-12.177477,-4.2260118
2180695861,-6.333629,-11.881692,-2.7686427
2180695871,-5.6330857,-10.831476,-2.8955786
2180695881,-4.040398,-9.364527,-3.314707
2180695891,-3.551814,-10.177635,-3.2560291
2180695901,-3.0895753,-9.447155,-5.4798045
2180695911,-4.421206,-9.514215,-3.0356872
2180695921,-4.8750625,-10.850636,-1.9782861
2180695931,-3.6380346,-10.05549,-2.0285816
2180695940,-4.5960426,-9.677076,-0.11975098
2180695950,-6.3791347,-12.634926,0.15447876
2180695960,-6.484515,-13.111534,1.4382092
2180695970,-5.1433043,-10.467433,1.2513977
2180695980,-2.8512707,-6.6964746,0.26824218
2180695990,-2.880011,-6.100115,0.38320312
2180696000,-7.1635036,-8.098759,1.3088782
2180696010,-2.9195287,-5.0846267,-0.6286926
2180696020,-5.2415004,-5.6714063,1.8381774
2180696029,-5.6953564,-6.421047,2.5423133
2180696039,-4.5373645,-4.455934,2.9674292
2180696049,-5.4558544,-6.1587925,2.875221
2180696059,-6.8401756,-7.339537,3.9146595
2180696069,-5.400769,-6.685697,1.6501684
2180696079,-6.1252623,-7.733518,1.4968872
2180696089,-6.8749037,-8.04487,3.2404613
2180696099,-5.555248,-7.3563023,4.7792616
2180696108,-4.787644,-5.124144,4.1457787
2180696118,-5.027146,-3.1422656,2.7890003
2180696128,-6.5384035,-1.6825012,4.414021
2180696138,-6.1276574,-0.9699829,5.781577
2180696148,-6.2007055,-0.366438,6.2797413
2180696158,-7.106023,-1.1783496,6.5288234
2180696168,-7.482041,-2.1100123,7.2712793
2180696178,-6.1061025,-1.9651135,6.70845
2180696188,-6.715635,-2.2872436,7.0689
2180696197,-6.4665527,-1.8501526,6.5180454
2180696207,-6.3204565,-1.2969031,6.037844
2180696217,-7.315587,-2.933899,7.220984
2180696227,-6.634204,-1.3891113,6.037844
2180696237,-5.6797886,-1.3998889,3.7673657
2180696247,-6.587501,-2.1818628,5.78038
2180696257,-7.325167,-2.1674926,7.571854
2180696267,-6.001919,-1.4920971,6.0402393
2180696277,-7.5862246,-2.0166063,7.1658983
2180696286,-5.054689,-2.046544,4.6571155
2180696296,-7.9430823,-3.5757642,7.7119627
2180696306,-6.652167,-3.6823425,3.9625597
2180696316,-7.7538757,-3.3494349,6.622229
2180696326,-5.7097263,-5.140909,2.999762
2180696336,-6.8186207,-4.721781,5.9851537
2180696346,-6.873706,-4.8582973,7.450906
2180696356,-4.5864625,-0.32332763,5.8390574
2180696365,-7.156318,-2.9291089,4.716991
2180696375,-7.67484,-2.9123437,5.21276
2180696385,-3.5290613,-3.6799476,5.7456517
2180696395,-7.9083543,-3.7110827,5.9959316
2180696405,-7.0868626,-7.5347314,5.4247193
2180696415,-4.794829,-3.7853284,5.1600695
2180696425,-6.461763,-5.1193542,3.9122643
2180696435,-5.950426,-4.2954674,4.8283596
2180696445,-5.18881,-2.9291089,5.077441
2180696454,-6.991062,-5.1720448,4.333788
2180696464,-6.13604,-5.4702244,4.126619
2180696474,-5.874983,-5.3875966,2.445315
2180696484,-5.6714063,-4.58287,3.410508
2180696494,-5.891748,-6.082152,3.3985326
2180696504,-6.3599744,-6.4988856,4.5217967
2180696514,-5.8091197,-4.623585,4.3206153
2180696524,-5.5289025,-2.5219555,2.7123597
2180696534,-6.1863356,-3.08239,4.206852
2180696543,-5.0427136,-1.3124707,3.8344262
2180696553,-5.805527,-6.7671275,-1.8525476
2180696563,-3.681145,-7.373068,3.9685473
2180696573,-8.068821,-11.813434,0.9520203
2180696583,-7.397018,-13.169015,-0.39877075
2180696593,-5.2139573,-8.668774,1.7435743
2180696603,-6.251001,-9.474697,0.32452515
2180696613,-6.683302,-7.919132,-0.13771363
2180696622,-5.0678616,-4.925358,-1.7926722
2180696632,-3.2117212,-0.8107141,1.5591577
2180696642,-4.382886,-8.356223,-1.5615528
2180696652,-5.6366787,-10.905722,-1.7699194
2180696662,-6.927594,-10.833871,-0.26105714
2180696672,-6.868916,-9.911788,-1.8585352
2180696682,-6.2306433,-7.782616,-1.2466077
2180696692,-5.595963,-7.540719,-3.436853
2180696702,-5.2989807,-6.3276415,-3.5769618
2180696711,-4.931345,-5.86181,-4.679868
2180696721,-4.934938,-6.41506,-5.9755735
2180696731,-5.5025573,-6.610254,-6.7503624
2180696741,-5.3337083,-8.181387,-7.2401443
2180696751,-5.910908,-10.660232,-6.7048573
2180696761,-6.1324477,-11.220667,-7.921527
2180696771,-5.556445,-10.087822,-8.743019
2180696781,-5.2882032,-9.678274,-8.443642
2180696790,-4.905,-9.1849,-7.8257265
2180696800,-4.6990285,-8.454419,-6.979087
2180696819,-4.1445813,-7.310797,-7.9083543
2180696829,-3.744613,-6.9683094,-8.770561
2180696839,-4.2080493,-6.949149,-8.793314
2180696849,-4.1864944,-7.1898484,-8.371791
2180696858,-3.6847374,-6.8808913,-7.970625
2180696868,-3.6643798,-5.9061184,-8.2197075
2180696878,-3.7709582,-5.6175184,-8.596923
2180696888,-3.805686,-6.6066613,-8.382568
2180696898,-3.7027001,-7.4964113,-8.551417
2180696908,-4.460724,-6.918014,-7.777826
2180696918,-5.0415163,-6.6258216,-6.045029
2180696928,-5.357659,-7.4317455,-4.493057
2180696938,-6.5012803,-7.2976246,-4.7960267
2180696947,-7.5862246,-5.2870054,-4.869075
2180696957,-6.5036755,-3.4236803,-5.384004
2180696967,-2.9913795,-1.3711487,-3.490741
2180696977,0.14489868,-0.9520203,-4.4655137
2180696987,-0.979563,-3.2440538,-5.1157618
2180696997,-3.98172,-5.567223,-5.239105
2180697007,-5.0594788,-7.1215906,-5.9288707
2180697017,-5.1217494,-8.291557,-5.8881555
2180697026,-5.452262,-8.774154,-5.696554
2180697036,-5.3923864,-8.151449,-5.5169277
2180697046,-5.4881873,-7.191046,-5.4582496
2180697056,-5.2019825,-5.867798,-5.2115626
2180697066,-4.27032,-4.956493,-4.815187
2180697076,-4.184099,-4.5888577,-4.93374
2180697086,-5.0966015,-5.461842,-3.9026842
2180697096,-5.9037232,-7.2149963,-3.2751892
2180697106,-5.82349,-8.228089,-2.8225305
2180697115,-6.1420274,-7.6461,-4.261937
2180697125,-4.7864466,-7.077283,-4.6403503
2180697135,-5.1433043,-7.2640944,-4.758904
2180697145,-5.2846107,-8.903485,-4.325405
2180697155,-6.0318565,-9.693842,-3.434458
2180697165,-4.951703,-10.199191,-1.5280224
2180697175,-4.939728,-9.903406,-0.7532337
2180697185,-4.7720766,-8.744216,-1.6142431
2180697195,-4.9936156,-7.9993653,-1.9279907
2180697204,-6.3348265,-9.823173,-1.778302
2180697214,-6.749165,-9.257948,-0.8957373
2180697224,-5.2558703,-6.4797254,-1.8130298
2180697234,-5.750442,-8.675959,1.4920971
2180697244,-5.315746,-10.585986,1.6573535
2180697254,-4.261937,-9.404044,2.266886
2180697264,-4.932543,-8.823252,2.1148024
2180697274,-4.509822,-8.187374,0.5053491
2180697283,-4.3397756,-9.393267,1.6944764
2180697293,-5.295388,-9.610016,2.198628
2180697303,-4.4978466,-8.258027,2.4728577
2180697313,-4.4104285,-6.781498,1.583108
2180697323,-3.6895275,-6.817423,0.36524048
2180697333,-5.2019825,-7.247329,0.9352551
2180697343,-5.542075,-8.957373,1.9866687
2180697353,-5.210365,-8.378976,2.0920496
2180697363,-4.5541296,-8.131091,2.46687
2180697372,-4.9109874,-9.108259,2.7878027
2180697382,-4.494254,-8.970546,2.6524842
2180697392,-4.6199927,-8.7262535,2.2920337
2180697402,-5.024751,-8.5598,1.5280224
2180697412,-4.6499305,-8.152646,0.4155359
2180697422,-4.701423,-6.6473765,-0.86100954
2180697432,-5.4738173,-4.7816563,-1.9483484
2180697442,-6.3551846,-4.678671,-2.6728418
2180697452,-6.4917006,-6.308481,-2.4393275
2180697461,-6.7335973,-7.6461,-1.717229
2180697471,-6.4066772,-7.891589,-1.035846
2180697481,-5.151687,-7.4736586,-2.1040246
2180697491,-4.1457787,-8.253238,-2.090852
2180697501,-3.7949085,-9.263935,-2.0046313
2180697511,-4.0200405,-10.011182,-2.015409
2180697521,-4.2152343,-9.877061,-3.1686108
2180697531,-4.115841,-8.813672,-5.8390574
2180697540,-4.103866,-8.022118,-5.5133348
2180697550,-6.295309,-9.762099,-3.8152661
2180697566,-6.812633,-10.672207,-0.8957373
2180697576,-5.740862,-10.233918,0.1484912
2180697586,-4.731361,-9.733359,0.33171022
2180697595,-4.4571314,-9.595646,1.4250367
2180697605,-3.8954992,-8.640033,-0.8214917
2180697615,-2.5926087,-6.8653235,-3.3182995
2180697625,-4.2343946,-7.579039,-3.7230577
2180697635,-4.590055,-8.286768,-6.497688
2180697645,-4.907395,-7.3934255,-7.491621
2180697655,-4.467909,-6.1276574,-9.377699
2180697665,-4.614005,-5.548063,-7.7299256
2180697674,-4.8355446,-6.3551846,-6.9671116
2180697684,-4.3134303,-7.247329,-7.69879
2180697694,-4.012855,-7.721543,-4.8080015
2180697704,-3.4512231,-9.074729,-6.9515443
2180697714,-3.5326538,-8.1071415,-7.244934
2180697724,-4.6738806,-7.04495,-7.181466
2180697734,-5.309758,-5.716912,-6.5443907
2180697744,-4.867877,-4.89542,-5.716912
2180697754,-3.5745666,-4.5349693,-6.3959
2180697763,-3.1015503,-4.973258,-7.7682457
2180697773,-3.5398388,-5.0798364,-8.264015
2180697783,-4.555327,-4.997208,-8.624465
2180697793,-5.019961,-4.6199927,-9.077124
2180697803,-5.694159,-4.7086086,-9.554931
2180697813,-3.9661524,-3.8835242,-10.209969
2180697823,-4.6403503,-4.291875,-10.116563
2180697833,-4.167334,-4.2272096,-10.481803
2180697842,-5.0008006,-3.6045043,-9.656719
2180697852,-5.1684523,-2.696792,-9.850716
2180697862,-4.8247666,-1.8537451,-9.920171
2180697872,-3.4967284,-1.7220191,-10.248288
2180697882,-3.913462,-2.1818628,-8.644823
2180697892,-3.5075061,-2.8620484,-8.963361
2180697902,-4.1709266,-4.2882824,-7.140751
2180697912,-3.505111,-4.455934,-7.5191636
2180697922,-3.6775525,-3.6404297,-7.3143897
2180697931,-4.4224033,-2.7339149,-8.661588
2180697941,-5.2917957,-2.0920496,-10.369237
2180697951,-5.9228835,-1.7028589,-11.370356
2180697961,-6.276149,-1.6094531,-10.845846
2180697971,-4.190087,-1.1723621,-10.096205
2180697981,-3.7098854,-3.138673,-8.851993
2180697991,-3.925437,-3.6595898,-8.974138
2180698001,-5.4750147,-4.157754,-9.122629
2180698011,-4.4643164,-3.6140845,-9.489067
2180698020,-5.372029,-2.9075537,-9.426797
2180698030,-5.7911572,-2.1183949,-10.066267
2180698040,-6.046227,-2.6680517,-9.636361
2180698050,-5.0642686,-1.6142431,-9.59325
2180698060,-6.2234583,-2.3578968,-9.865086
2180698070,-6.0402393,-3.121908,-8.758587
2180698080,-5.9288707,-3.2500415,-8.283175
2180698090,-5.158872,-2.0501368,-8.053253
2180698100,-4.3218126,-1.9112256,-7.5598793
2180698109,-4.9433203,-4.782854,-8.7262535
2180698119,-3.5398388,-4.6080174,-7.157516
2180698129,-4.2020617,-4.572092,-6.3156667
2180698139,-3.446433,-5.945636,-5.0498986
2180698149,-4.770879,-5.146897,-7.7694435
2180698163,-6.71803,-3.1494508,-8.553812
2180698173,-4.557722,-1.6693286,-8.272397
2180698183,-4.572092,-3.3015344,-8.305927
2180698193,-5.029541,-3.878734,-8.431666
2180698203,-4.648733,-3.5685792,-9.486672
2180698213,-4.660708,-3.5913317,-9.501042
2180698223,-4.7349534,-4.381688,-9.675879
2180698232,-4.484674,-4.9624805,-9.714199
2180698242,-4.7325587,-5.422324,-9.277108
2180698252,-4.484674,-4.6643004,-8.956176
2180698262,-4.2906775,-4.352948,-8.250842
2180698272,-4.4152184,-4.827162,-7.4461155
2180698282,-3.6775525,-4.9289503,-6.2354336
2180698292,-2.6105714,-1.7363892,-9.022038
2180698302,-5.653444,-4.0344105,-8.691525
2180698312,-4.567302,-4.843927,-6.650969
2180698321,-2.7195446,-3.2991395,-9.091495
2180698331,-3.3135095,-3.1985486,-6.9970493
2180698341,-3.9074743,-5.6977515,-5.20797
2180698351,-3.0847852,-5.294191,-6.4102697
2180698361,-2.7925928,-3.5218763,-6.5910935
2180698371,-4.196074,-4.6822634,-5.3456836
2180698381,-5.6582336,-7.813751,-5.430707
2180698391,-4.90021,-8.102351,-5.757627
2180698401,-4.1361985,-6.993457,-5.901328
2180698410,-4.918173,-6.4258375,-5.698949
2180698420,-4.437971,-5.611531,-5.422324
2180698430,-3.8428087,-6.2809386,-4.8403344
2180698440,-3.7733533,-7.2341566,-5.51573
2180698450,-3.8236487,-7.691605,-6.309679
2180698460,-4.160149,-6.4665527,-9.111852
2180698470,-4.453539,-5.21276,-9.722582
2180698480,-5.8833656,-7.150331,-9.885443
2180698489,-6.2162733,-8.147857,-7.9981675
2180698499,-5.5468655,-10.605146,-6.4006896
2180698509,-6.821016,-13.408517,-4.7253737
2180698519,-5.8198977,-12.509187,-3.0249097
2180698529,-3.549419,-10.582394,-3.3242872
2180698539,-5.1205516,-9.369316,-2.193838
2180698549,-5.4821997,-9.219627,-3.1865735
2180698559,-2.982997,-6.8401756,-6.1599903
2180698569,-5.909711,-10.278226,-3.0692174
2180698578,-6.43422,-10.813513,-4.548142
2180698588,-5.886958,-11.778706,0.008382568
2180698598,-4.6164002,-12.672049,2.1279747
2180698608,-5.259463,-13.681549,2.5854235
2180698618,-4.736151,-11.485316,0.8945398
2180698628,-6.15041,-8.642428,-1.6058606
2180698638,-4.907395,-5.0163684,-1.3962964
2180698648,-3.3554223,-3.2213013,-1.6357983
2180698657,-3.5889368,-4.693041,-0.5628296
2180698667,-4.411626,-7.588619,2.4776478
2180698677,-8.762179,-10.180031,5.0331335
2180698687,-5.0810337,-6.325247,4.1385937
2180698697,-3.8116736,-4.4595265,4.108656
2180698707,-6.2426186,-5.606741,1.775907
2180698717,-3.4835558,-5.239105,-0.5400769
2180698727,-4.5445495,-5.51094,0.4921765
2180698737,-6.715635,-6.7671275,2.2022204
2180698746,-6.565946,-6.5288234,4.2176294
2180698756,-6.461763,-7.425758,4.27511
2180698766,-5.8031325,-7.4473133,4.5625124
2180698776,-5.4977674,-6.866521,4.2739124
2180698786,-4.8547044,-3.246449,2.6249413
2180698796,-6.3923073,-2.2046156,3.3721876
2180698806,-6.929989,0.41912842,5.294191
2180698816,-7.3215747,0.7424561,5.9121056
2180698826,-7.0257897,-0.6969507,6.531218
2180698835,-7.418573,-2.5207582,6.885681
2180698851,-7.085665,-4.2571473,6.9826794
2180698860,-7.219786,-3.2727942,6.133645
2180698870,-6.6569567,-3.432063,7.013815
2180698880,-6.8581386,-2.7351122,7.3287597
2180698890,-6.561156,-3.0308971,6.3923073
2180698900,-5.980364,-1.6022681,5.567223
2180698910,-5.7217016,-2.335144,4.1457787
2180698920,-6.5910935,-2.342329,4.934938
2180698930,-5.684579,-3.3290772,5.0977993
2180698939,-7.171886,-2.151925,6.7276096
2180698949,-6.6988697,-2.020199,5.2091675
2180698959,-7.268884,-2.8716285,6.194718
2180698969,-5.6270986,-3.5649865,5.7636147
2180698979,-7.098838,-3.6200721,4.709806
2180698989,-3.932622,-4.870272,5.029541
2180698999,-5.6821837,-3.5889368,4.7517185
2180699009,-3.214116,-4.691843,6.206693
2180699019,-7.507189,-4.4655137,7.1599107
2180699028,-3.265609,-3.7458105,6.7838926
2180699038,-7.988588,-4.3517504,4.3613305
2180699048,-4.2763076,-4.8594947,5.4414845
2180699058,-7.1347632,-4.3457627,6.1683726
2180699068,-6.189928,-4.58287,5.86181
2180699078,-5.3121533,-4.0978785,5.613926
2180699088,-6.884484,-4.126619,4.0332127
2180699098,-7.5514965,-6.5863037,4.035608
2180699107,-6.382727,-4.958888,6.460565
2180699117,-4.9912205,0.11376343,3.0249097
2180699127,-8.098759,-7.406598,3.6775525
2180699137,-5.982759,-0.69216067,3.7553906
2180699147,-8.467591,-10.655442,1.4609619
2180699157,-1.3124707,-5.5049524,2.5375233
2180699167,-7.683223,-11.777509,2.642904
2180699177,-9.182505,-15.747253,4.819977
2180699187,-6.0689793,-6.326444,2.767445
2180699196,-5.003196,-2.9350965,1.8022522
2180699206,-5.6079383,-0.4071533,1.7938696
2180699216,-5.964796,0.1592688,3.747008
2180699226,-5.725294,-4.0559654,0.8358618
2180699236,-2.3327491,-2.9207263,3.5434313
2180699246,-8.0999565,-12.992981,2.4093897
2180699256,-7.169491,-10.5764065,2.5614734
2180699266,-3.9074743,-4.877457,0.9592053
2180699276,-5.7193065,-13.184583,0.7472461
2180699285,-5.181625,-7.4173756,0.9783655
2180699295,-6.204298,-8.291557,0.5616321
2180699305,-6.3623695,-9.439969,1.353186
2180699315,-5.581593,-6.8341885,0.53528684
2180699325,-5.2091675,-4.5529323,0.98195803
2180699335,-5.1480947,-7.667655,-1.1316468
2180699345,-4.6319675,-5.2498827,0.80472654
2180699355,-5.3061657,-7.242539,0.14370117
2180699364,-6.45338,-7.5862246,-1.6226257
2180699374,-5.2989807,-6.502478,-1.2609777
2180699384,-4.524192,-5.5756054,-2.1531227
2180699394,-3.732638,-5.52052,-3.8907092
2180699404,-4.254752,-7.3982153,-5.310956
2180699414,-5.8881555,-9.462722,-5.0654664
2180699424,-6.1420274,-10.316546,-5.612728
2180699434,-5.5372853,-8.853189,-7.162306
2180699444,-5.466632,-8.977731,-8.467591
2180699453,-6.0330544,-9.491463,-8.371791
2180699463,-5.7312818,-9.909393,-7.507189
2180699473,-5.2115626,-8.820857,-8.055648
2180699488,-5.6582336,-8.389753,-7.2161937
2180699497,-5.0331335,-8.549023,-7.085665
2180699507,-4.1781116,-7.9622426,-7.491621
2180699517,-4.205654,-8.133487,-7.1024303
2180699527,-4.381688,-8.277187,-8.238867
2180699537,-4.4152184,-7.261699,-8.152646
2180699547,-4.446354,-6.589896,-8.599318
2180699557,-3.9661524,-5.454657,-8.543035
2180699567,-3.3494349,-4.30385,-9.2818985
2180699577,-3.622467,-3.937412,-10.395582
2180699586,-4.6415477,-3.9362147,-10.166858
2180699596,-5.109774,-4.9277525,-9.181308
2180699606,-7.270082,-8.489147,-5.5301
2180699616,-8.999286,-9.982441,-4.9109874
2180699626,-5.5444703,-4.078718,-4.6331654
2180699636,-0.75203615,-1.045426,-4.533772
2180699646,-0.50894165,-3.410508,-5.557643
2180699656,-2.2453308,-6.1324477,-6.1468177
2180699665,-4.7373486,-7.1096153,-6.876101
2180699675,-6.3300366,-7.259304,-7.6053843
2180699685,-6.918014,-7.474856,-6.2665687
2180699695,-4.9996033,-6.8461633,-5.0918117
2180699705,-2.6285338,-5.285808,-4.6882505
2180699715,-2.3734643,-4.8427296,-4.4247985
2180699725,-3.8020935,-6.394702,-4.372108
2180699735,-6.060597,-7.794591,-4.8870373
2180699745,-6.1671753,-8.424481,-2.6093738
2180699754,-2.5123756,-7.3658824,-2.1794677
2180699764,-1.8441651,-7.253317,-2.2285657
2180699774,-2.391427,-7.975415,-3.0991552
2180699784,-4.982838,-9.947714,-5.2486854
2180699794,-6.431825,-9.886641,-7.2557116
2180699804,-5.8570204,-7.7933936,-8.077204
2180699814,-5.611531,-7.4269557,-7.68442
2180699824,-4.9481106,-7.8616514,-5.732479
2180699834,-5.853428,-7.2856493,-4.9133825
2180699843,-6.0665846,-6.4593678,-1.7208215
2180699853,-5.3600535,-8.752599,0.65264285
2180699863,-5.3121533,-10.395582,2.1255798
2180699873,-5.6726036,-10.0626745,1.4477893
2180699883,-5.4905825,-9.071136,0.89334226
2180699893,-5.102589,-8.481961,0.085023195
2180699903,-4.460724,-7.7371106,-0.6825806
2180699913,-2.811753,-6.12646,-0.23111938
2180699923,-3.382965,-5.5636306,1.7280066
2180699932,-5.722899,-5.9025254,-2.0704944
2180699942,-4.5349693,-6.4246397,-0.3820056
2180699952,-5.7133193,-7.0748878,-1.2490027
2180699962,-5.2702403,-9.623188,0.549657
2180699972,-5.021158,-9.202863,0.4897815
2180699982,-5.036726,-8.980125,2.638114
2180699992,-5.836663,-8.322693,1.2226574
2180700002,-5.466632,-9.212442,-1.5052698
2180700012,-5.003196,-7.7586656,-3.4991236
2180700021,-5.407954,-7.237749,-2.7315197
2180700031,-5.4750147,-8.234077,-1.9938538
2180700041,-6.5384035,-8.404123,-2.2261705
2180700051,-6.995852,-7.374265,-2.9219239
2180700061,-5.830675,-6.795868,-2.3483167
2180700071,-4.951703,-7.1275783,-2.0728893
2180700081,-5.007986,-8.127499,-2.4692652
2180700091,-4.8966174,-8.57417,-3.5338514
2180700101,-4.1529636,-8.974138,-4.405638
2180700110,-4.240382,-9.086704,-4.191284
2180700120,-5.031936,-9.023236,-4.463119
2180700130,-4.946913,-9.022038,-5.51573
2180700140,-5.229525,-8.904682,-6.3372216
2180700150,-5.1864147,-8.640033,-6.156398
2180700160,-4.7960267,-7.8305163,-7.0712953
2180700170,-4.3792934,-7.70837,-3.742218
2180700180,-5.971981,-10.047107,-1.8477576
2180700189,-5.367239,-10.044712,-0.6622229
2180700199,-4.9864306,-8.679551,-1.1807446
2180700209,-3.1889684,-6.981482,-2.3770568
2180700219,-3.2751892,-6.8317933,-5.2247353
2180700229,-2.811753,-7.2557116,-7.450906
2180700239,-3.6380346,-7.291637,-9.472302
2180700249,-5.926476,-7.060518,-11.412268
2180700259,-6.4378123,-6.1252623,-7.7586656
2180700269,-6.365962,-7.582632,-9.813593
2180700278,-4.3074427,-7.1275783,-8.816067
2180700288,-4.884642,-7.213799,-7.091653
2180700298,-4.0320153,-6.284531,-6.910829
2180700308,-3.2560291,-4.812792,-4.5684996
2180700318,-2.74589,-4.821174,-4.214037
2180700328,-2.1291723,-5.384004,-7.0150123
2180700338,-2.4489074,-5.454657,-5.309758
2180700348,-3.558999,-6.827003,-6.7671275
2180700358,-5.309758,-7.904762,-7.4688683
2180700367,-4.9768505,-6.531218,-8.969348
2180700377,-4.461921,-4.9924183,-11.123669
2180700387,-5.1133666,-3.9577699,-12.037368
2180700397,-5.6510487,-3.7901185,-15.081438
2180700407,-5.797145,-2.7303224,-11.361973
2180700417,-3.979325,-1.7926722,-10.924882
2180700427,-2.9147387,-2.2932312,-7.804171
2180700437,-3.5063086,-4.604425,-7.63652
2180700447,-3.9170544,-5.173242,-7.5526943
2180700456,-3.202141,-2.894381,-6.8749037
2180700466,-3.0273046,-2.1507275,-7.303612
2180700476,-4.406836,-3.7290454,-8.8963
2180700486,-5.053491,-4.028423,-10.570418
2180700496,-4.538562,-2.1567152,-10.091414
2180700506,-4.336183,-1.6250207,-9.011261
2180700516,-4.028423,-3.0764027,-8.624465
2180700526,-5.344486,-3.6428246,-10.105785
2180700535,-5.726492,-2.6057813,-10.814711
2180700545,-5.415139,-1.3891113,-10.0207615
2180700555,-3.6943176,-0.54366946,-7.4964113
2180700565,-2.2309606,-3.3063245,-6.124065
2180700575,-4.421206,-5.691764,-8.746612
2180700585,-4.9061975,-3.5458264,-9.917776
2180700595,-5.2163525,-2.9051588,-9.661509
2180700605,-4.9864306,-1.8321899,-10.332114
2180700615,-6.325247,-2.5758436,-9.984837
2180700624,-5.5827904,-3.05844,-9.703422
2180700634,-5.1217494,-3.8883142,-10.153686
2180700644,-4.411626,-2.5363257,-8.414901
2180700654,-5.7025414,-3.5673816,-8.959768
2180700664,-7.6413097,-5.0630713,-7.029382
2180700674,-4.311035,-2.6788294,-7.677235
2180700684,-7.1934414,-2.9865894,-8.327483
2180700694,-4.406836,-2.994972,-6.46775
2180700703,-2.591411,-1.84656,-8.2712
2180700713,-5.82349,-7.514374,-5.898933
2180700723,-3.0967603,-6.4162574,-4.695436
2180700733,-4.9912205,-3.8559813,-6.5946865
2180700743,-4.932543,-1.785487,-9.249565
2180700753,-5.4702244,-2.7997777,-8.635242
2180700763,-4.099076,-3.7170703,-8.240065
2180700773,-5.5289025,-5.4271145,-8.037685
2180700783,-4.6247826,-3.6021094,-8.802895
2180700792,-5.5947657,-4.28469,-8.850795
2180700802,-5.005591,-5.0355287,-9.517808
2180700812,-4.639153,-4.58766,-9.183702
2180700822,-4.099076,-3.9469922,-8.860374
2180700832,-4.0535707,-4.525389,-7.9119473
2180700842,-4.2176294,-4.9445176,-8.087981
2180700852,-3.5697765,-5.0870214,-7.4784484
2180700862,-4.3493557,-5.703739,-4.380491
2180700871,-2.1363573,-2.1483326,-6.4545774
2180700881,-1.5016773,-1.3136683,-8.502319
2180700891,-4.006868,-5.1780324,-6.4797254
2180700901,-4.604425,-8.222102,-4.388873
2180700911,-4.756509,-7.0233946,-5.6582336
2180700921,-4.6571155,-4.778064,-6.12167
2180700931,-4.736151,-5.158872,-6.638994
2180700941,-4.3457627,-6.5360084,-5.1935997
2180700951,-3.9913,-6.308481,-5.349276
2180700960,-3.2452514,-5.8881555,-4.912185
2180700970,-3.7134778,-6.8138304,-4.7086086
2180700980,-3.666775,-7.0461473,-4.437971
2180700990,-3.8751416,-7.1515284,-4.439169
2180701000,-3.8272412,-7.899972,-5.781577
2180701010,-2.933899,-6.7779055,-8.196955
2180701020,-3.2847693,-5.124144,-11.521241
2180701030,-4.1685314,-4.162544,-10.854229
2180701040,-8.032895,-8.655601,-9.673484
2180701049,-7.870034,-10.2949915,-6.8581386
2180701059,-4.8966174,-11.242222,-5.0654664
2180701069,-5.7145166,-12.748689,-4.8978148
2180701079,-7.692803,-12.946278,-3.864364
2180701089,-6.1863356,-11.381133,-3.5350487
2180701099,-4.0104604,-10.793156,-4.9445176
2180701109,-3.3302746,-8.150251,-5.380411
2180701119,-5.1049843,-9.82916,-4.374503
2180701128,-6.5156507,-9.563313,-5.555248
2180701138,-3.3242872,-6.1204724,-6.283334
2180701148,-3.7506006,-7.5514965,-2.7973828
2180701158,-7.091653,-13.106745,-1.783092
2180701168,-8.152646,-13.360617,2.090852
2180701178,-6.7826953,-10.328522,2.3219714
2180701188,-3.6751575,-7.268884,0.8562195
2180701198,-4.382886,-7.6461,1.9770886
2180701208,-6.016289,-9.783655,2.692002
2180701217,-5.1612673,-7.777826,1.3867164
2180701227,-3.3841627,-5.4905825,-0.72808594
2180701237,-3.424878,-5.1552796,-0.069455564
2180701247,-5.8187,-4.181704,0.22393432
2180701257,-5.2139573,-5.7528367,1.5555652
2180701267,-6.363567,-9.637559,1.2406201
2180701277,-6.551576,-10.038724,1.7076489
2180701287,-6.009104,-10.261461,0.9029224
2180701297,-6.431825,-7.3347473,0.8981323
2180701306,-3.925437,-2.2129982,0.8753796
2180701316,-5.166057,-1.5088623,2.3135889
2180701326,-7.5862246,-2.1315675,5.868995
2180701336,-6.5443907,-1.2705579,7.589817
2180701346,-7.298822,-2.4261549,8.291557
2180701356,-7.8233314,-3.1302905,8.513097
2180701366,-7.5766444,-3.1817834,8.177794
2180701376,-6.452183,-1.6777111,7.540719
2180701386,-7.5922117,-0.556842,5.3947816
2180701395,-6.1671753,-0.062270507,3.5889368
2180701405,-7.05453,0.38679564,2.8165429
2180701415,-6.4557753,-0.32692015,2.7985804
2180701425,-6.7767076,-3.7086878,4.1314087
2180701435,-6.6066613,-3.7290454,4.639153
2180701445,-6.495293,-6.1324477,4.8283596
2180701455,-6.940767,-6.7551527,7.0317774
2180701465,-7.4389305,-5.295388,6.253396
2180701474,-7.1599107,-3.4260755,7.467671
2180701484,-5.7121215,-2.694397,5.0475035
2180701494,-5.973179,-2.950664,6.553971
2180701504,-7.69879,-1.6741186,3.67396
2180701514,-3.5841467,-2.1746778,6.1444225
2180701524,-7.3539076,-4.670288,3.126698
2180701534,-1.9722986,-3.1650183,4.071533
2180701544,-8.132289,-5.1624646,7.899972
2180701554,-5.886958,-5.3756213,2.9027636
2180701563,-4.5840673,-3.8260436,6.5372057
2180701573,-7.874824,-3.9733374,4.5864625
2180701583,-2.8907886,-5.2426977,5.4462743
2180701593,-7.989785,-3.9625597,4.0272255
2180701603,-4.629573,-3.5350487,3.3314722
2180701613,-5.3923864,-4.8032117,5.3037705
2180701623,-6.7767076,-6.1156826,5.243895
2180701633,-4.9936156,-4.390071,4.770879
2180701643,-6.514453,-5.1361194,4.719386
2180701652,-5.84265,-5.0594788,3.427273
2180701662,-6.065387,-4.8594947,3.2153137
2180701672,-5.696554,-3.6380346,2.9291089
2180701682,-4.6762757,-1.773512,2.381847
2180701692,-4.89063,-3.7110827,3.2835717
2180701702,-6.197113,-4.390071,4.4247985
2180701712,-6.3527894,-5.1217494,1.3352234
2180701722,-5.4271145,-3.2296839,3.9026842
2180701732,-7.0329747,-5.685776,0.26225463
2180701741,-4.00567,-4.211642,-1.3795313
2180701751,-5.243895,-8.722661,0.07544312
2180701761,-5.564828,-10.403965,1.5723304
2180701771,-7.3658824,-15.66702,-3.3638048
2180701781,-6.652167,-9.830358,1.729204
2180701791,-6.6413894,-9.188493,-3.2680042
2180701801,-5.0810337,-7.442523,-1.653761
2180701811,-5.3624487,-6.460565,-1.6477734
2180701820,-4.9648757,-5.6833816,-2.6512866
2180701848,-4.9157777,-5.5696177,-2.8907886
2180701858,-5.412744,-6.1180773,-4.0439906
2180701867,-5.6342835,-7.2078114,-4.2930727
2180701877,-6.1180773,-9.032816,-5.1361194
2180701887,-6.636599,-10.371632,-5.7001467
2180701897,-6.7755103,-10.831476,-6.2809386
2180701907,-6.842571,-10.69975,-6.8329906
2180701917,-6.377937,-9.51661,-6.8581386
2180701927,-5.6342835,-8.2197075,-6.957532
2180701937,-4.766089,-8.029303,-7.6005945
2180701946,-4.8642845,-7.7790236,-8.041278
2180701956,-4.5888577,-7.885602,-8.184979
2180701966,-4.366121,-7.7790236,-8.351433
2180701976,-4.372108,-7.2952294,-8.125104
2180701986,-4.3373804,-6.3623695,-7.6221495
2180701996,-3.8966968,-6.201903,-8.170609
2180702006,-4.038003,-6.598279,-8.243657
2180702016,-3.8811293,-7.6029897,-8.153844
2180702026,-3.9290295,-8.037685,-8.479567
2180702035,-4.040398,-7.443721,-8.387359
2180702045,-3.857179,-7.05453,-8.432864
2180702055,-3.6595898,-6.9455566,-8.556208
2180702065,-3.206931,-6.285729,-8.898695
2180702075,-3.1434631,-6.013894,-8.798104
2180702085,-3.6547997,-6.16478,-8.705896
2180702095,-4.1613464,-5.4905825,-8.866363
2180702105,-4.2978625,-3.9517822,-7.325167
2180702114,-4.4247985,-4.3637257,-7.413783
2180702124,-4.8091993,-5.965994,-6.333629
2180702134,-5.973179,-6.4018874,-6.100115
2180702144,-6.6066613,-5.2846107,-4.6882505
2180702154,-4.2978625,-4.709806,-3.7625756
2180702164,-2.8129504,-4.0679407,-4.525389
2180702174,-3.2859669,-2.6393116,-5.205575
2180702184,-3.9386096,-2.3387365,-5.4187317
2180702194,-4.1290135,-3.6033068,-5.271438
2180702203,-4.3541455,-5.915698,-4.907395
2180702213,-4.702621,-8.729846,-4.58287
2180702223,-5.5456676,-11.282937,-4.160149
2180702233,-5.379214,-11.668535,-3.9601648
2180702243,-4.4200087,-9.426797,-5.076244
2180702253,-3.7721558,-8.483159,-4.8726673
2180702263,-3.3398547,-8.434061,-5.088219
2180702273,-4.00567,-8.743019,-4.4655137
2180702283,-4.2858872,-8.8951025,-3.629652
2180702292,-7.7347155,-10.475816,-4.5325747
2180702302,-5.8570204,-7.547904,-2.3854394
2180702312,-1.3148657,-5.4067564,-2.46687
2180702322,-3.3326697,-6.1935205,-2.4249573
2180702332,-4.8798523,-7.6077795,-1.4549744
2180702342,-4.467909,-8.566985,-0.54247195
2180702352,-4.5936475,-8.908276,-0.38679564
2180702362,-5.090614,-9.322614,-0.3305127
2180702371,-5.484595,-8.830437,-1.1328442
2180702381,-5.7755895,-8.995693,-0.5137317
2180702391,-5.015171,-9.096284,-0.71251833
2180702401,-4.023633,-8.865165,-0.19160156
2180702411,-3.935017,-7.988588,-0.09101074
2180702421,-3.6512072,-8.400531,0.97477293
2180702431,-5.243895,-9.308244,0.305365
2180702441,-5.5516553,-10.008786,-0.21674927
2180702451,-4.472699,-9.369316,-0.041912843
2180702460,-4.9780483,-8.27599,-0.5676196
2180702470,-4.2930727,-8.863967,0.95321774
2180702480,-5.2019825,-9.843531,1.169967
2180702490,-5.007986,-8.184979,1.4346167
2180702500,-4.3373804,-9.073531,1.8513501
2180702510,-5.379214,-8.178991,2.4716601
2180702520,-5.093009,-7.5981994,1.7399817
2180702530,-4.550537,-7.8377013,1.7531543
2180702539,-4.728966,-7.420968,1.1220666
2180702549,-4.5457473,-7.532336,1.0023156
2180702559,-4.61161,-7.268884,1.0490185
2180702569,-4.3757005,-7.0784802,0.72928345
2180702579,-3.7757483,-7.771838,0.8143066
2180702589,-4.103866,-8.793314,0.5137317
2180702599,-4.9864306,-7.4329433,-0.30416748
2180702609,-4.949308,-4.2080493,-2.391427
2180702619,-7.0150123,-3.1769934,-3.4081128
2180702628,-7.652087,-5.318141,-2.1339624
2180702638,-6.661747,-9.413624,0.11376343
2180702648,-4.0835085,-10.491383,0.38559815
2180702658,-2.962639,-9.441167,-1.2202624
2180702668,-3.1817834,-8.6771555,-3.117118
2180702678,-4.077521,-8.940608,-4.125421
2180702688,-4.6822634,-9.653126,-3.1997461
2180702698,-4.8966174,-9.917776,-3.920647
2180702708,-5.0355287,-10.166858,-5.4043617
2180702717,-4.3517504,-9.968071,-4.211642
2180702727,-3.6727624,-10.280622,-6.1743603
2180702737,-5.5516553,-11.197914,-2.9219239
2180702747,-6.7898803,-10.896141,0.27183473
2180702757,-4.1397915,-8.618478,-1.3675561
2180702767,-1.7866845,-6.4917006,-4.5122166
2180702777,-3.011737,-7.4640784,-2.5758436
2180702787,-3.629652,-8.02571,-3.4691858
2180702796,-2.7255323,-7.7790236,-3.3769774
2180702806,-3.7805383,-8.378976,-7.465276
2180702816,-5.3205357,-8.002957,-6.9671116
2180702826,-5.454657,-7.418573,-6.170768
2180702836,-6.030659,-7.3575,-7.733518
2180702846,-5.229525,-6.531218,-7.5838294
2180702856,-4.188889,-6.1611876,-7.595804
2180702866,-4.254752,-6.295309,-9.410031
2180702876,-4.4834766,-5.556445,-7.149133
2180702885,-5.8103175,-5.9635987,-6.843768
2180702895,-4.176914,-5.2870054,-7.0413575
2180702905,-2.1950355,-4.315825,-7.8377013
2180702915,-3.9709425,-5.3145485,-8.705896
2180702925,-4.1290135,-5.1133666,-9.538165
2180702935,-5.3971767,-4.7469287,-8.103549
2180702945,-5.435497,-4.963678,-10.279424
2180702955,-3.1602283,-2.6213489,-10.053095
2180702965,-5.781577,-3.4164953,-8.522677
2180702974,-4.8307543,-3.368595,-9.754914
2180702984,-4.096681,-2.999762,-9.292676
2180702994,-4.247567,-3.2380664,-8.283175
2180703004,-3.3159046,-2.3040087,-8.986114
2180703014,-5.316943,-3.1255004,-9.086704
2180703024,-4.30864,-1.9699036,-9.945318
2180703034,-4.604425,-1.7232165,-9.577683
2180703044,-2.941084,-2.997367,-8.145461
2180703053,-3.2428565,-3.505111,-6.4749355
2180703063,-3.920647,-5.2091675,-7.244934
2180703073,-4.5301795,-2.9686267,-9.314231
2180703083,-6.4964905,-2.095642,-10.239906
2180703093,-6.3695545,-0.27542725,-11.001522
2180703103,-6.907236,0.2335144,-12.297228
2180703113,-4.3637257,-0.83346677,-10.550061
2180703123,-5.1109715,-3.5506165,-8.770561
2180703133,-4.399651,-2.830913,-9.79084
2180703142,-3.3841627,-2.3195765,-8.29994
2180703152,-3.4608033,-4.094286,-7.926317
2180703162,-6.2426186,-4.758904,-8.892708
2180703172,-6.9994445,-4.148174,-10.587184
2180703182,-7.4664736,-3.6009119,-9.763297
2180703192,-5.8187,-1.8226099,-9.533375
2180703202,-5.677394,-0.8298743,-9.993219
2180703212,-5.5995555,-2.151925,-9.139395
2180703221,-4.491859,-3.3446448,-9.342971
2180703231,-4.5601172,-3.0308971,-7.885602
2180703241,-4.214037,-6.910829,-5.540878
2180703251,-3.6392322,-6.2521987,-6.1887302
2180703261,-3.984115,-4.677473,-6.5048733
2180703271,-3.4715807,-3.7996986,-7.9598475
2180703281,-5.7205043,-4.174519,-9.399254
2180703291,-5.037924,-1.8070422,-11.237432
2180703300,-4.2715173,-4.0978785,-10.212363
2180703310,-4.9552956,-3.4823585,-9.14658
2180703320,-4.2511597,-5.2870054,-8.253238
2180703330,-4.2882824,-5.0870214,-8.070019
2180703340,-4.1924815,-5.4067564,-7.9826
2180703350,-4.860692,-5.2894006,-8.190967
2180703360,-4.3445654,-4.472699,-6.9922595
2180703370,-2.950664,-4.317023,-7.0712953
2180703380,-3.2991395,-3.8284388,-5.962401
2180703389,-3.7134778,-4.2978625,-5.101392
2180703399,-2.2381458,-1.3711487,-5.812712
2180703409,-2.6153612,-2.3219714,-5.8246875
2180703419,-2.8129504,-7.101233,-3.9924974
2180703429,-4.3697133,-9.958491,-4.106261
2180703439,-4.367318,-7.1527257,-6.558761
2180703449,-5.4821997,-4.6403503,-9.085506
2180703459,-5.1684523,-3.9314246,-7.7754307
2180703469,-4.694238,-4.5397596,-7.4568934
2180703478,-3.6452198,-5.205575,-7.0796776
2180703488,-4.164939,-6.791078,-5.2343154
2180703498,-3.570974,-6.9587293,-4.315825
2180703508,-3.0500574,-6.1108923,-5.0738487
2180703518,-3.270399,-5.6809864,-6.1767554
2180703528,-3.69791,-5.7516394,-8.002957
2180703538,-3.6536024,-5.943241,-8.644823
2180703548,-4.296665,-8.383766,-8.325088
2180703557,-4.3912683,-9.18011,-8.080796
2180703567,-4.566105,-10.188413,-7.9203296
2180703577,-5.739664,-13.022919,-7.113208
2180703587,-4.6092153,-11.02188,-8.084389
2180703597,-5.076244,-7.6341248,-7.550299
2180703607,-3.984115,-7.68442,-4.827162
2180703617,-6.12646,-13.291161,-2.1183949
2180703627,-6.0689793,-14.4874735,-2.5542884
2180703636,-4.614005,-10.10818,-1.9531385
2180703646,-4.204457,-8.903485,-2.13037
2180703656,-5.452262,-12.385843,0.029937744
2180703666,-5.7300844,-12.164304,0.41074586
2180703676,-1.8226099,-8.562195,-4.184099
2180703686,-1.4058765,-8.919053,-2.5207582
2180703696,-5.706134,-10.386003,-6.1839404
2180703706,-7.1120105,-8.461604,-0.9735754
2180703716,-5.4091516,-5.879773,-0.5999524
2180703725,-3.634442,-6.6701293,3.3135095
2180703735,-8.196955,-9.472302,4.0248303
2180703745,-3.7098854,-9.156159,4.8750625
2180703755,-5.8031325,-7.1455407,3.2895594
2180703765,-4.931345,-4.2882824,2.3495142
2180703775,-3.7158728,-2.1291723,1.353186
2180703785,-2.523153,-3.7134778,0.4394861
2180703795,-2.2968237,-6.1324477,-0.5484595
2180703805,-5.2678456,-8.0580435,0.42751098
2180703814,-6.267766,-9.224418,2.2357507
2180703824,-5.334906,-8.402926,2.692002
2180703834,-6.3994923,-7.538324,4.6187954
2180703844,-5.9911413,-6.1552,3.935017
2180703854,-5.8965383,-2.396217,2.990182
2180703864,-5.5708156,-0.3556604,5.395979
2180703874,-5.618716,-0.5939648,7.4101906
2180703884,-6.8772984,-1.6920813,7.6413097
2180703893,-8.062833,-3.0859826,8.180189
2180703903,-7.125183,-2.7339149,8.475974
2180703913,-6.6797094,-2.7985804,8.23288
2180703923,-6.067782,-2.142345,6.998247
2180703933,-5.7612195,-2.6297314,6.194718
2180703943,-6.866521,-2.4788451,5.5456676
2180703953,-5.8582177,-1.2825329,4.406836
2180703963,-6.082152,-2.7866051,4.5373645
2180703972,-6.6569567,-3.9122643,6.3132715
2180703982,-7.4616833,-4.340973,9.298663
2180703992,-5.623506,-2.3926246,6.730005
2180704002,-6.09293,-2.3602917,7.838899
2180704012,-7.0557275,-0.556842,3.7146752
2180704022,-3.8272412,-4.416416,4.5840673
2180704032,-7.9442797,-5.936056,5.5025573
2180704042,-6.283334,-8.032895,4.4834766
2180704052,-5.3121533,-4.2810974,4.5373645
2180704061,-4.798422,-5.53968,5.1433043
2180704071,-6.627019,-5.605543,4.787644
2180704081,-6.502478,-3.046465,7.1347632
2180704091,-4.3050475,-1.5567627,4.8499146
2180704101,-3.6547997,-3.7386255,2.2129982
2180704111,-6.993457,-4.54934,7.8089614
2180704121,-6.2007055,-6.8006577,5.245093
2180704131,-6.2007055,-3.0332923,4.477489
2180704140,-4.9744554,-3.0764027,4.693041
2180704150,-6.6006737,-4.4990444,5.8294773
2180704160,-6.4665527,-4.0164475,5.0487013
2180704170,-5.7276893,-1.8717078,2.2022204
2180704180,-5.7564297,-1.9291883,3.0776
2180704190,-3.382965,1.7399817,2.5219555
2180704200,-6.46775,-2.9446764,2.5147705
2180704210,-4.409231,-4.1661363,-0.2802173
2180704220,-3.8368213,-6.7204247,0.75682616
2180704229,-7.1168003,-10.904524,1.895658
2180704239,-8.349038,-14.635964,1.6884887
2180704249,-8.175399,-12.366683,2.1148024
2180704259,-7.0090246,-6.283334,1.8154248
2180704269,-6.2246556,-2.010619,2.3159838
2180704279,-5.4067564,-4.33259,1.8142273
2180704289,-2.9207263,-2.2070105,6.243816
2180704299,-6.389912,-10.544073,0.46104127
2180704309,-3.805686,-5.1852174,4.0188427
2180704318,-5.6881714,-11.270962,0.0
2180704328,-3.8966968,-9.522597,-0.6262976
2180704338,-5.8103175,-13.287568,-1.3400134
2180704348,-6.021079,-12.543915,-3.1745985
2180704358,-7.03058,-11.878099,-4.836742
2180704368,-7.1994286,-8.813672,-4.636758
2180704378,-5.932463,-5.7923546,-3.7218604
2180704388,-4.7864466,-4.5696974,-2.943479
2180704397,-3.9050794,-4.040398,-2.2884412
2180704407,-3.9613624,-3.984115,-3.0201197
2180704417,-4.5768824,-5.8198977,-3.0177245
2180704427,-6.030659,-7.0653076,-3.4572108
2180704437,-6.6916847,-6.565946,-4.160149
2180704447,-5.6007533,-5.6749988,-5.346881
2180704457,-4.455934,-6.204298,-6.526428
2180704467,-4.4966493,-8.678353,-6.771918
2180704477,-5.428312,-10.049502,-8.055648
2180704486,-5.4390893,-9.53577,-9.451944
2180704496,-5.0283437,-9.188493,-9.799222
2180704506,-5.2882032,-9.363329,-10.032737
2180704516,-5.3768187,-8.922646,-9.348959
2180704526,-4.855902,-8.648416,-8.747808
2180704536,-3.8152661,-7.573052,-8.928633
2180704546,-3.6643798,-6.979087,-8.58854
2180704576,-3.8092785,-6.821016,-8.387359
2180704586,-3.718268,-6.9515443,-8.383766
2180704596,-3.69312,-7.1287756,-8.477172
2180704606,-3.4081128,-6.9048414,-8.8879175
2180704615,-3.2680042,-6.5575633,-9.079519
2180704625,-3.7973034,-6.1863356,-9.821975
2180704635,-3.7589831,-5.47741,-8.919053
2180704645,-3.9278321,-6.7383876,-7.692803
2180704655,-4.846322,-8.731044,-6.197113
2180704665,-6.5599585,-6.308481,-6.3503942
2180704675,-6.8162255,-4.4487486,-5.8486376
2180704685,-3.5697765,-2.6417065,-7.056925
2180704695,-2.2824535,-2.8560607,-5.5133348
2180704704,-1.4968872,-4.6199927,-5.9851537
2180704714,-3.0871801,-6.539601,-5.127737
2180704724,-4.7325587,-7.3515124,-5.1301317
2180704734,-5.0570836,-7.7251353,-5.1133666
2180704744,-4.3469605,-7.940687,-5.483397
2180704754,-2.591411,-6.8006577,-5.3600535
2180704764,-1.287323,-6.086942,-5.8905506
2180704774,-1.2885205,-7.1096153,-6.4402075
2180704783,-2.5734484,-7.8724294,-7.9370947
2180704793,-4.254752,-7.101233,-8.5154915
2180704803,-5.5289025,-5.9061184,-8.813672
2180704813,-4.797224,-6.218668,-6.573131
2180704823,-3.8631666,-7.4293504,-5.597161
2180704833,-4.437971,-8.181387,-4.079916
2180704843,-3.8080812,-7.0533323,-3.2093263
2180704853,-3.5673816,-6.5300207,-2.6033862
2180704863,-3.984115,-6.744375,-2.7099645
2180704872,-4.934938,-6.9204087,-2.623744
2180704882,-5.459447,-6.8701134,-3.8404138
2180704892,-4.3936634,-6.556366,-5.649851
2180704902,-3.432063,-6.307284,-6.2881236
2180704912,-4.366121,-7.7107654,-6.690487
2180704922,-5.769602,-9.110654,-6.8653235
2180704932,-5.7205043,-9.621991,-5.20797
2180704942,-4.940925,-9.617201,-4.519402
2180704951,-5.2139573,-10.12255,-3.793711
2180704961,-4.958888,-11.346405,-2.1183949
2180704971,-4.453539,-11.700868,-0.6813831
2180704981,-5.595963,-12.493619,0.30296996
2180704991,-5.036726,-10.360854,-1.5507752
2180705001,-3.4835558,-9.111852,-0.21794678
2180705011,-3.439248,-9.265133,0.42032593
2180705021,-2.3435266,-7.3275623,0.11735596
2180705031,-3.6488123,-5.4067564,-1.3807287
2180705040,-3.5110986,-4.435576,-1.7687219
2180705050,-4.643943,-7.2149963,-0.81191164
2180705060,-7.834109,-11.430231,0.68377805
2180705070,-5.619913,-9.924961,2.738705
2180705080,-5.564828,-6.382727,2.4644752
2180705090,-4.2080493,-5.8390574,2.8728259
2180705100,-4.5840673,-5.469027,2.1686902
2180705110,-4.28469,-6.321654,1.5495776
2180705119,-5.0894165,-8.013736,2.0309765
2180705129,-4.9229627,-8.279583,1.0861413
2180705139,-5.652246,-8.729846,0.42511597
2180705149,-3.427273,-7.682025,-2.405797
2180705159,-4.2487645,-7.5538917,-2.2417383
2180705169,-4.6199927,-7.7047777,-1.348396
2180705179,-5.060676,-7.155121,-1.047821
2180705189,-5.219945,-7.322772,-1.4142591
2180705198,-5.5696177,-7.6233473,-2.15911
2180705208,-5.4163365,-7.115603,-2.2824535
2180705218,-5.1037865,-7.6413097,-1.8429675
2180705228,-4.863087,-8.50711,-1.84656
2180705238,-4.622388,-9.069939,-2.899171
2180705248,-4.3385777,-8.781339,-3.4967284
2180705258,-4.0248303,-8.431666,-3.8931043
2180705268,-4.111051,-8.747808,-3.485951
2180705278,-4.932543,-9.48308,-4.169729
2180705287,-4.564907,-9.680669,-1.6417859
2180705297,-5.445077,-11.081756,-0.82747924
2180705307,-5.5540504,-11.211086,0.3556604
2180705317,-5.0846267,-10.813513,1.5555652
2180705333,-4.0176454,-9.528585,-0.42152345
2180705342,-2.7842102,-7.9454775,-2.4093897
2180705352,-2.262096,-7.179071,-3.8368213
2180705362,-3.4572108,-8.322693,-5.154082
2180705372,-4.1936793,-8.754993,-4.3960586
2180705382,-4.1194334,-8.073611,-6.1444225
2180705392,-3.126698,-6.595884,-6.219866
2180705402,-4.214037,-7.9059596,-5.660629
2180705412,-3.8068836,-8.61728,-4.707411
2180705422,-3.6009119,-9.0076685,-6.871311
2180705431,-4.423601,-9.916578,-2.8955786
2180705441,-3.925437,-10.142908,-4.743336
2180705451,-3.1494508,-8.010143,-6.2941113
2180705461,-3.3374598,-6.7264123,-5.6318884
2180705471,-3.6655774,-6.619834,-8.283175
2180705481,-4.084706,-5.9959316,-10.092612
2180705491,-5.22713,-6.2150755,-10.227931
2180705501,-4.5768824,-5.981561,-9.357342
2180705511,-4.780459,-6.4186525,-11.702065
2180705520,-4.6259804,-6.4881077,-8.788525
2180705530,-3.9158568,-6.058202,-6.3683567
2180705540,-2.9518616,-5.757627,-6.009104
2180705550,-3.0392797,-5.898933,-5.7312818
2180705560,-3.0105395,-5.2798204,-6.6653395
2180705570,-4.7157936,-5.2965856,-6.6557593
2180705580,-4.4128237,-4.694238,-6.2402234
2180705590,-3.6092944,-3.7961059,-6.9515443
2180705599,-4.1122484,-3.5949242,-8.297545
2180705609,-5.101392,-3.610492,-10.371632
2180705619,-4.212839,-2.5099804,-11.812237
2180705629,-6.4258375,-2.5051904,-9.896221
2180705639,-5.908513,-3.3973353,-14.467115
2180705649,-3.37099,-2.2357507,-9.136999
2180705659,-4.643943,-2.0585194,-6.382727
2180705669,-4.0020776,-3.7362304,-7.860454
2180705679,-3.7146752,-3.5039136,-11.145224
2180705688,-2.4465125,-4.0511756,-10.376422
2180705698,-2.9219239,-2.6417065,-6.715635
2180705708,-4.0176454,-2.75547,-8.425678
2180705718,-3.7637732,-3.3997302,-9.85311
2180705728,-4.6343627,-2.4525,-10.690169
2180705738,-5.302573,-1.3795313,-11.508069
2180705748,-6.091732,-1.4908997,-10.914104
2180705758,-5.2043777,-1.4765296,-11.63261
2180705768,-4.380491,-1.9579284,-8.792117
2180705777,-3.0524523,0.081430666,-8.566985
2180705787,-3.3326697,-3.2452514,-6.7276096
2180705797,-2.1100123,-4.799619,-6.573131
2180705807,-4.7768664,-3.1889684,-7.764653
2180705817,-5.0654664,-3.8943017,-8.909472
2180705827,-5.330116,-4.2810974,-9.7956295
2180705837,-5.908513,-2.894381,-10.708133
2180705847,-6.3935046,-2.6812243,-10.614727
2180705856,-5.621111,-2.2321582,-10.116563
2180705866,-5.108577,-1.6166382,-10.630294
2180705876,-6.046227,-2.5614734,-9.334589
2180705886,-5.500162,-3.4488282,-8.897497
2180705896,-5.4738173,-4.2319994,-8.460406
2180705906,-4.8451247,-1.9327807,-8.764574
2180705916,-4.61161,-2.5997937,-8.140672
2180705926,-4.348158,-4.1050634,-6.9766917
2180705940,-4.7744713,-6.4258375,-6.5994763
2180705950,-3.8020935,-5.413942,-7.6005945
2180705960,-4.042793,-3.485951,-7.3826475
2180705970,-5.8881555,-4.3852806,-7.0724926
2180705980,-3.9649549,-4.1876917,-6.114485
2180705990,-3.7278478,-3.9014869,-6.1911254
2180705999,-4.077521,-4.543352,-4.7744713
2180706009,-3.1231055,-2.9219239,-5.7995396
2180706019,-5.0582814,-4.7469287,-6.753955
2180706029,-4.9696655,-3.4703834,-7.8592567
2180706039,-5.8570204,-7.601792,-7.4245605
2180706049,-5.332511,-7.2904396,-7.980205
2180706059,-4.893025,-4.5936475,-8.798104
2180706069,-4.5050316,-4.8942223,-8.751401
2180706079,-5.684579,-6.7779055,-8.749006
2180706088,-5.6797886,-7.38145,-7.7909985
2180706098,-5.1876125,-7.303612,-7.0150123
2180706108,-4.9457154,-7.428153,-6.295309
2180706118,-4.461921,-7.556287,-5.9276733
2180706128,-4.045188,-6.836583,-5.836663
2180706138,-3.7781434,-5.9755735,-5.8654027
2180706148,-3.434458,-5.6797886,-6.100115
2180706158,-3.2560291,-6.1396327,-5.933661
2180706167,-2.814148,-5.395979,-6.873706
2180706177,-3.263214,-4.629573,-8.053253
2180706187,-4.263135,-7.6029897,-5.391189
2180706197,-4.685856,-8.029303,-4.5625124
2180706207,-3.0847852,-4.113446,-5.997129
2180706217,-3.0201197,-4.3074427,-5.9683886
2180706227,-3.993695,-6.6210313,-5.7612195
2180706237,-3.6799476,-6.1324477,-5.6270986
2180706247,-4.2391844,-5.795947,-5.53489
2180706256,-3.9972875,-7.4030056,-4.2978625
2180706266,-3.8368213,-8.63165,-3.9266346
2180706276,-4.437971,-8.077204,-4.7888417
2180706286,-4.700226,-8.85798,-4.8187795
2180706296,-5.3923864,-9.821975,-4.709806
2180706306,-5.428312,-9.649533,-4.7517185
2180706316,-4.9217653,-7.5035963,-5.3133507
2180706326,-3.988905,-6.342012,-4.4487486
2180706336,-3.7218604,-8.441246,-3.3973353
2180706345,-5.452262,-9.667497,-3.4620008
2180706355,-5.6259007,-10.027946,-3.2644117
2180706365,-4.5517344,-8.937016,-3.6559973
2180706375,-5.4810023,-9.986034,-3.7637732
2180706385,-4.990023,-10.381212,-6.470145
2180706395,-3.7877233,-7.2652917,-8.404123
2180706405,-4.8247666,-8.53585,-6.045029
2180706415,-2.9865894,-10.142908,-3.7889209
2180706424,-5.8785753,-13.876743,0.10298584
2180706434,-7.897577,-13.624068,0.0742456
2180706444,-2.5471032,-8.763376,-1.9387683
2180706454,-2.4836352,-8.181387,-1.8058448
2180706464,-7.1730833,-10.11297,-0.20237915
2180706474,-5.980364,-10.383607,3.0105395
2180706484,-2.4740553,-9.22322,-1.0154883
2180706494,-4.5469446,-10.239906,-0.1592688
2180706504,-5.533693,-9.540561,-0.30177248
2180706513,-5.7707996,-8.388556,-0.8945398
2180706523,-5.264253,-7.8377013,0.10178833
2180706533,-6.2354336,-8.921448,1.167572
2180706543,-5.84265,-7.7933936,0.81670165
2180706553,-5.1205516,-4.7229786,1.3052857
2180706563,-5.3756213,-3.7769458,1.0717713
2180706573,-4.245172,-4.3792934,2.6572742
2180706583,-5.170847,-6.4030848,2.6165588
2180706593,-6.570736,-5.9935365,3.018922
2180706602,-5.182822,-5.7073317,2.8357031
2180706612,-5.6462584,-6.0103016,3.2476466
2180706622,-5.7217016,-6.365962,4.2104445
2180706632,-5.8402553,-6.9778895,5.918093
2180706642,-6.035449,-7.2856493,5.611531
2180706652,-4.860692,-7.0174074,4.7253737
2180706662,-3.5410364,-5.579198,3.9242394
2180706672,-5.6630235,-2.884801,3.1554382
2180706681,-6.4964905,0.72808594,5.133724
2180706691,-6.898854,-0.34967285,7.05932
2180706701,-6.753955,-2.4441175,6.925199
2180706711,-6.900051,-2.7818153,6.079757
2180706721,-6.4725404,-2.506388,5.853428
2180706731,-6.218668,-3.2260914,6.3360243
2180706741,-6.700067,-3.9242394,6.485713
2180706751,-5.6342835,-3.5278637,6.2378283
2180706761,-6.276149,-3.7386255,6.5108604
2180706770,-6.180348,-2.767445,6.404282
2180706780,-6.7276096,-2.7267296,6.0761647
2180706790,-6.5216384,-3.1470556,6.325247
2180706800,-5.043911,-2.445315,5.853428
2180706810,-6.8246083,-2.4465125,6.1767554
2180706820,-4.3373804,-4.423601,4.3134303
2180706830,-8.463999,-3.0787976,6.2569885
2180706840,-5.166057,-5.1947975,6.091732
2180706849,-7.8568616,-1.5495776,5.5708156
2180706859,-3.3003368,-7.0796776,3.854784
2180706869,-8.358618,-4.3026524,6.0617943
2180706879,-5.0582814,-4.487069,6.918014
2180706889,-5.483397,-5.2355127,6.1468177
2180706899,-6.6940794,-2.9135413,5.2486854
2180706909,-4.695436,-0.3939807,6.6401916
2180706919,-6.3527894,-2.9123437,4.819977
2180706928,-5.163662,-4.091891,4.6966333
2180706938,-6.4258375,-5.363646,5.9037232
2180706948,-6.787485,-7.35271,5.755232
2180706958,-5.4654346,-3.911067,4.3146276
2180706968,-3.9086719,-4.6882505,1.8285974
2180706978,-5.3384986,-3.2153137,4.045188
2180706988,-7.933502,-7.298822,5.4630394
2180706998,-4.014053,-6.030659,3.0237122
2180707008,-5.158872,-3.2811768,4.540957
2180707017,-6.9503465,-7.0485425,5.1780324
2180707027,-5.1756372,-6.197113,5.0307384
2180707037,-6.0570045,-6.370752,5.4390893
2180707047,-5.0642686,-3.9026842,3.4560132
2180707057,-4.7373486,-4.4990444,3.0081446
2180707067,-4.482279,-4.087101,4.02962
2180707077,-5.1456995,-7.8951817,2.4836352
2180707087,-5.894143,-9.2818985,3.502716
2180707096,-5.635481,-5.716912,1.7794995
2180707106,-4.567302,-3.942202,0.124541014
2180707116,-5.036726,-5.412744,0.19758911
2180707126,-3.011737,-2.7003846,1.6573535
2180707136,-3.920647,-8.719069,1.5100598
2180707146,-7.5047936,-10.036329,3.3638048
2180707156,-4.3457627,-8.642428,-1.959126
2180707166,-7.244934,-8.0436735,1.3004956
2180707176,-4.6199927,-9.783655,-3.0883777
2180707195,-6.8401756,-12.222982,-0.86220706
2180707204,-4.084706,-9.956097,-0.46104127
2180707214,-6.173163,-12.202624,-2.4536974
2180707224,-5.9516234,-10.029144,-0.9460327
2180707234,-4.934938,-8.7825365,-3.2332764
2180707244,-5.3408937,-7.731123,-2.4656725
2180707254,-4.8642845,-6.6844997,-2.445315
2180707264,-4.28469,-5.078639,-1.4477893
2180707274,-3.8080812,-5.598358,-2.0369642
2180707283,-3.8248463,-6.4545774,-2.6776319
2180707293,-4.7612987,-7.404203,-3.6727624
2180707303,-5.6486535,-7.1898484,-4.8020144
2180707313,-5.0966015,-6.6066613,-5.400769
2180707323,-4.1661363,-7.5538917,-6.2090883
2180707333,-5.1552796,-10.39678,-7.0820727
2180707343,-5.380411,-11.102113,-7.4952135
2180707353,-5.421127,-9.572893,-7.909552
2180707362,-5.6330857,-8.605305,-8.892708
2180707372,-5.0642686,-8.5717745,-9.568103
2180707382,-4.296665,-8.820857,-9.071136
2180707392,-3.7805383,-8.769364,-9.572893
2180707402,-3.624862,-7.931107,-8.7262535
2180707412,-3.2572265,-6.8820887,-9.114246
2180707422,-2.9985645,-6.0198817,-9.14658
2180707432,-2.5590785,-5.2630553,-9.377699
2180707442,-2.701582,-4.782854,-9.562116
2180707451,-2.9746141,-4.907395,-9.47829
2180707461,-3.1051428,-5.2307224,-8.6771555
2180707471,-3.1997461,-5.1037865,-9.245973
2180707481,-3.2955468,-4.829557,-9.041199
2180707491,-3.4919386,-5.1193542,-8.880733
2180707501,-3.514691,-5.0594788,-8.126301
2180707511,-2.9710217,-4.6547203,-8.2197075
2180707521,-2.6009912,-4.4224033,-8.135881
2180707530,-2.4237597,-4.5457473,-8.635242
2180707540,-3.011737,-4.59724,-8.757389
2180707550,-4.3757005,-4.4032435,-8.407716
2180707560,-3.9685473,-3.4919386,-7.6592727
2180707570,-2.6908045,-3.4033227,-8.234077
2180707580,-2.870431,-4.006868,-8.454419
2180707590,-3.676355,-4.3936634,-7.7359133
2180707600,-4.59245,-4.1469765,-6.532416
2180707610,-4.8415318,-4.0116577,-6.2905188
2180707619,-4.517007,-4.5852647,-6.500083
2180707629,-4.4966493,-5.1600695,-6.40548
2180707639,-4.508624,-4.63077,-6.4749355
2180707649,-4.140989,-2.7734327,-7.6053843
2180707659,-3.4164953,-0.68377805,-8.880733
2180707669,-3.3422499,-0.80592406,-9.073531
2180707679,-3.998485,-3.2284863,-8.655601
2180707689,-5.0798364,-5.591173,-7.926317
2180707699,-5.788762,-6.676117,-7.515571
2180707708,-5.6079383,-7.470066,-6.622229
2180707718,-5.046306,-8.720266,-6.5276256
2180707728,-4.3792934,-8.892708,-6.9754944
2180707738,-4.1924815,-6.6797094,-7.373068
2180707748,-3.4200878,-5.4043617,-6.864126
2180707758,-3.2332764,-6.4653554,-7.0401597
2180707768,-4.216432,-6.6964746,-2.7937903
2180707778,-2.6405091,-10.74286,-3.1542406
2180707787,-4.827162,-11.500884,-1.6118481
2180707797,-4.787644,-11.879297,-1.2657678
2180707807,-4.0571632,-10.7943535,-1.8178198
2180707817,-3.1698084,-8.842412,-4.0344105
2180707832,-3.9038818,-9.924961,-2.5207582
2180707842,-5.0666637,-10.109378,-3.126698
2180707851,-4.605623,-7.1898484,-4.931345
2180707861,-4.9277525,-7.838899,-4.4319835
2180707871,-4.7517185,-9.533375,-3.0057495
2180707881,-5.024751,-10.219548,-2.6668541
2180707891,-3.98172,-9.81,-1.585503
2180707901,-4.4200087,-12.298426,2.3016138
2180707911,-3.514691,-9.068742,1.3843213
2180707921,-3.2751892,-8.510702,1.0118958
2180707931,-3.3877552,-8.365803,0.8861572
2180707940,-3.1674132,-8.378976,0.8705896
2180707950,-3.5997143,-7.691605,0.99752563
2180707960,-4.5325747,-8.092771,1.0370435
2180707970,-4.8942223,-9.267529,1.651366
2180707980,-4.3074427,-7.914342,1.0885364
2180707990,-3.8236487,-8.356223,1.607058
2180708000,-4.190087,-8.727451,2.0920496
2180708010,-4.4499464,-9.181308,1.6777111
2180708019,-4.3565407,-9.198072,2.142345
2180708029,-4.367318,-8.580157,2.0609143
2180708039,-4.719386,-8.329878,1.4034815
2180708049,-4.790039,-7.3766603,0.48020142
2180708059,-4.4762917,-5.7612195,-1.2322376
2180708069,-5.20797,-3.869154,-3.5601966
2180708079,-6.0174866,-3.4751732,-4.5565248
2180708089,-5.5241127,-4.773274,-3.4548156
2180708098,-4.655918,-6.955137,-2.1746778
2180708108,-3.573369,-8.751401,-2.7327173
2180708118,-3.4332604,-9.341774,-2.9806018
2180708128,-3.97693,-9.243578,-3.68354
2180708138,-4.813989,-9.336984,-3.9086719
2180708148,-4.797224,-9.563313,-4.3002577
2180708158,-5.4115467,-10.225536,-3.634442
2180708168,-4.89542,-10.581196,-2.838098
2180708177,-4.798422,-10.297386,-2.494413
2180708187,-4.169729,-9.304651,-3.4643958
2180708197,-4.1757164,-8.522677,-3.4572108
2180708207,-4.6571155,-9.040001,-2.7854078
2180708217,-4.5840673,-9.517808,-1.8884729
2180708227,-3.7218604,-8.649613,-3.0716126
2180708237,-2.9662316,-8.032895,-4.2367897
2180708247,-4.014053,-8.751401,-2.6488917
2180708257,-4.482279,-9.455537,-2.3602917
2180708266,-3.8212538,-9.025631,-3.5530114
2180708276,-3.8020935,-8.087981,-5.093009
2180708286,-4.7744713,-8.625663,-5.52052
2180708296,-4.538562,-7.938292,-7.692803
2180708306,-4.519402,-5.7193065,-9.363329
2180708316,-4.8403344,-4.8475194,-9.14658
2180708326,-4.707411,-5.2582655,-9.750125
2180708336,-3.7769458,-5.6726036,-9.887838
2180708345,-4.0188427,-6.364764,-9.135802
2180708355,-4.4715014,-6.5934887,-9.758507
2180708365,-4.348158,-6.0498195,-8.184979
2180708375,-4.242777,-5.694159,-5.239105
2180708385,-2.7818153,-5.5708156,-5.988746
2180708395,-2.020199,-5.163662,-6.7838926
2180708405,-3.4308655,-5.0019984,-6.5455885
2180708415,-4.907395,-5.4750147,-7.36708
2180708424,-4.253555,-5.166057,-7.867639
2180708434,-3.4524207,-4.5708947,-7.8149486
2180708444,-3.8308337,-4.4906616,-9.326206
2180708454,-4.794829,-3.6512072,-10.605146
2180708464,-4.670288,-2.7315197,-11.663745
2180708474,-5.124144,-2.645299,-11.867322
2180708484,-6.023474,-2.9398866,-10.7943535
2180708494,-6.0390415,-2.2141955,-9.717792
2180708503,-4.658313,-2.7267296,-10.812316
2180708513,-3.578159,-0.41074586,-10.187216
2180708523,-4.8355446,-1.9675086,-7.7371106
2180708533,-2.9446764,-1.9315833,-9.741742
2180708543,-3.9637573,-3.9685473,-5.8570204
2180708553,-3.126698,-2.1387525,-8.834029
2180708563,-6.229446,-3.6356397,-7.8640466
2180708573,-3.2775843,-0.7041357,-9.639954
2180708583,-6.373147,-2.838098,-9.389674
2180708592,-4.252357,-2.9291089,-10.673405
2180708602,-7.203021,-2.513573,-9.875863
2180708612,-3.6607873,-2.506388,-11.4134655
2180708622,-3.4033227,-2.3483167,-8.812474
2180708632,-4.6128078,-3.7649708,-8.505912
2180708642,-5.540878,-3.1003528,-9.3944645
2180708652,-5.980364,-3.4476306,-8.546627
2180708662,-5.762417,-3.1841784,-8.461604
2180708671,-5.037924,-1.6872913,-8.928633
2180708681,-5.781577,-2.0764818,-8.495134
2180708691,-4.951703,-2.1411474,-7.8556643
2180708701,-4.3445654,-3.3673975,-6.843768
2180708711,-2.5387206,-2.198628,-9.133407
2180708728,-5.781577,-2.2992187,-9.222023
2180708738,-4.905,-1.5028747,-8.455616
2180708748,-4.5217967,-6.6090565,-5.0019984
2180708757,-3.1638207,-9.3309965,-4.550537
2180708767,-3.9901025,-4.4834766,-8.565787
2180708777,-4.5613146,-1.1172767,-10.613529
2180708787,-4.3589354,-4.091891,-8.449629
2180708797,-3.932622,-5.9923387,-7.7119627
2180708807,-3.8847218,-6.1959157,-7.69879
2180708817,-4.0727305,-5.0331335,-8.265212
2180708827,-4.064348,-4.775669,-8.686736
2180708836,-4.5122166,-4.8547044,-9.026829
2180708846,-4.5050316,-4.7050157,-8.804091
2180708856,-3.7769458,-4.6080174,-8.672366
2180708866,-3.8308337,-4.7624965,-8.065228
2180708876,-3.2033386,-4.2667274,-8.146659
2180708886,-4.1098537,-5.4810023,-7.8640466
2180708896,-4.437971,-5.457052,-7.733518
2180708906,-3.7003052,-4.502637,-5.1995873
2180708915,-2.9243188,-2.8369007,-7.7670484
2180708925,-3.634442,-4.397256,-7.507189
2180708935,-3.8092785,-6.43422,-5.2247353
2180708945,-3.6320472,-3.7553906,-6.5695386
2180708955,-3.0859826,-2.6931994,-6.8186207
2180708965,-2.7830126,-5.22234,-4.877457
2180708975,-2.4081922,-6.450985,-6.1959157
2180708985,-4.834347,-8.133487,-5.1229467
2180708995,-5.9037232,-9.9010105,-3.7278478
2180709004,-3.9589672,-10.3512745,-2.6105714
2180709014,-3.3793726,-11.40149,-2.9806018
2180709024,-3.6200721,-10.427915,-5.50136
2180709034,-2.9398866,-8.565787,-6.971902
2180709044,-4.348158,-7.470066,-10.445878
2180709054,-4.4415636,-6.077362,-10.289004
2180709064,-4.827162,-6.16478,-9.73815
2180709074,-4.6738806,-7.9694276,-8.31431
2180709083,-5.405559,-8.903485,-7.259304
2180709093,-6.541996,-8.879535,-3.8835242
2180709103,-6.3348265,-12.5319395,-3.8284388
2180709113,-6.1276574,-13.103152,-1.6705261
2180709123,-2.9303064,-10.923684,-2.7901978
2180709133,-5.6905665,-10.036329,-4.932543
2180709143,-4.1290135,-9.568103,-3.8883142
2180709153,-2.1531227,-8.923842,-6.6078587
2180709162,-2.5171654,-5.6570363,-8.818462
2180709172,-5.23671,-8.558602,-4.0655456
2180709182,-5.2486854,-10.419533,-1.1484119
2180709192,-7.1215906,-10.99793,2.5494983
2180709202,-5.139712,-10.18482,2.405797
2180709212,-5.485792,-10.876981,3.514691
2180709222,-5.518125,-10.356065,3.5506165
2180709232,-5.492977,-7.923922,2.818938
2180709241,-3.3278797,-3.969745,-0.6777905
2180709251,-5.342091,-2.2489233,1.0957215
2180709261,-4.1876917,-4.27032,0.6622229
2180709271,-3.429668,-6.508466,1.8920654
2180709281,-6.991062,-8.3191,3.9122643
2180709291,-6.065387,-8.880733,2.7087672
2180709305,-5.8498354,-8.933423,1.4489868
2180709315,-5.261858,-8.184979,1.3687537
2180709325,-5.061874,-8.416099,1.3112732
2180709335,-6.9659142,-7.494016,3.1518457
2180709345,-4.843927,-6.157595,2.7770252
2180709355,-4.485872,-5.9073157,2.8488758
2180709364,-5.410349,-4.8247666,2.623744
2180709374,-4.949308,-1.2346326,2.530338
2180709384,-5.015171,0.9172925,5.325326
2180709394,-6.0414367,-2.3495142,7.3119946
2180709404,-7.721543,-3.9541771,7.716753
2180709414,-7.36229,-3.9074743,7.756271
2180709424,-7.9454775,-3.8715491,7.316785
2180709434,-7.3658824,-3.7386255,7.0964427
2180709444,-6.2150755,-2.7542725,5.603148
2180709453,-6.3048887,-2.7770252,5.718109
2180709463,-6.827003,-3.8607714,6.587501
2180709473,-6.7755103,-2.933899,5.127737
2180709483,-6.43422,-1.8070422,4.5888577
2180709493,-7.5742493,-2.0621119,5.853428
2180709503,-5.0558863,-2.1064196,5.464237
2180709513,-8.57417,-1.287323,7.9861927
2180709523,-5.7049365,-2.9422815,4.883445
2180709532,-4.2559495,-0.77838135,3.739823
2180709542,-8.954978,-4.5625124,6.108497
2180709552,-5.5827904,-2.5962012,3.3015344
2180709562,-7.004235,-3.913462,5.7911572
2180709572,-6.3959,-7.413783,6.0318565
2180709582,-5.22713,-6.6282167,4.3613305
2180709592,-6.9623218,-5.20318,6.9383717
2180709602,-5.358856,-4.132606,4.883445
2180709612,-4.8091993,-3.5805542,6.091732
2180709621,-7.931107,-5.330116,6.8461633
2180709631,-5.373226,-3.9577699,4.6523256
2180709641,-4.196074,-2.523153,2.1507275
2180709651,-6.6306114,-4.7720766,4.987628
2180709661,-6.084547,-5.9863515,4.8008165
2180709671,-6.1743603,-3.925437,4.0811133
2180709681,-6.9335814,-3.0919702,3.7386255
2180709691,-3.3805702,0.70533323,1.7028589
2180709700,-7.811356,-4.5373645,1.5376025
2180709710,-4.0978785,-3.732638,4.508624
2180709720,-6.339617,-11.753558,0.41673338
2180709730,-6.709647,-11.150013,6.3539867
2180709740,-8.618478,-13.633649,3.7027001
2180709750,-6.957532,-8.941806,2.9374914
2180709760,-6.730005,-3.4428406,3.932622
2180709770,-4.6247826,-1.8058448,2.0657043
2180709779,-3.8763392,-2.682422,3.7649708
2180709789,-6.5012803,-8.164621,4.3301954
2180709799,-4.436774,-6.0546093,3.671565
2180709809,-6.1839404,-10.049502,1.778302
2180709819,-4.614005,-8.339458,1.7160316
2180709829,-5.7779846,-12.476854,1.2921131
2180709839,-6.2737536,-11.702065,1.4429992
2180709849,-5.6330857,-10.960807,2.1207898
2180709859,-6.2881236,-10.433903,2.6596692
2180709868,-5.16486,-7.65089,2.3411317
2180709878,-4.5613146,-6.646179,2.6021888
2180709888,-5.252278,-6.6090565,4.916975
2180709898,-5.283413,-6.3671594,3.2680042
2180709908,-5.2319202,-6.062992,3.5877392
2180709918,-5.6738014,-6.206693,4.3757005
2180709928,-5.771997,-7.0784802,4.5780797
2180709938,-5.237908,-8.666378,4.24637
2180709947,-6.053412,-8.969348,4.1397915
2180709957,-6.692882,-8.473579,2.5973988
2180709967,-6.108497,-7.077283,1.7028589
2180709977,-6.3503942,-6.678512,2.5291407
2180709987,-5.9983263,-7.6688523,3.004552
2180709997,-6.1540027,-8.01613,3.0356872
2180710007,-6.251001,-8.014933,4.2858872
2180710017,-6.4964905,-8.400531,3.5805542
2180710027,-6.387517,-7.8101587,3.3925452
2180710036,-6.0103016,-7.117998,2.8225305
2180710052,-5.889353,-6.3048887,2.7315197
2180710062,-6.3228517,-5.6809864,2.7925928
2180710072,-6.6557593,-5.2067723,2.3171813
2180710082,-6.40548,-4.58766,2.191443
2180710091,-6.7108445,-3.6883302,2.2477257
2180710101,-6.837781,-2.6021888,2.1854553
2180710111,-6.6821046,-1.607058,2.7758276
2180710121,-6.812633,-1.7603394,3.6045043
2180710131,-7.4006104,-2.1100123,4.1613464
2180710141,-7.6963954,-2.2896388,4.7624965
2180710151,-7.8161464,-2.577041,5.5145326
2180710161,-7.95386,-2.802173,5.645061
2180710170,-7.8448863,-2.6931994,5.7145166
2180710180,-7.9227247,-2.501598,5.5265074
2180710190,-7.7514806,-2.3507116,5.5947657
2180710200,-7.7059755,-2.0166063,5.4043617
2180710210,-7.5694594,-1.8405725,5.3780165
2180710220,-7.33355,-1.5795153,5.2283278
2180710230,-7.2880445,-1.4944922,5.4510646
2180710240,-7.3922276,-1.5160474,5.3241286
2180710250,-7.523954,-1.6298108,5.1552796
2180710259,-7.4473133,-1.4669495,5.0415163
2180710269,-7.2952294,-1.4549744,4.9648757
2180710279,-7.2724767,-1.2346326,4.9912205
2180710289,-7.3982153,-1.4489868,4.926555
2180710299,-7.3215747,-1.3519886,4.663103
2180710309,-7.428153,-1.658551,4.7816563
2180710319,-7.5910144,-2.0190015,4.590055
2180710329,-7.479646,-2.0285816,4.452341
2180710338,-7.563472,-2.4345374,4.581672
2180710348,-7.6688523,-2.6668541,4.4403663
2180710358,-7.5754466,-2.562671,4.4882665
2180710368,-7.5742493,-2.501598,4.477489
2180710378,-7.699988,-2.445315,4.6092153
2180710388,-7.770641,-2.4536974,4.7457314
2180710398,-7.6568775,-2.410587,4.8175817
2180710408,-7.7347155,-2.3099964,4.581672
2180710417,-7.5526943,-2.2537134,4.757706
2180710427,-7.5107813,-2.4165747,4.8642845
2180710437,-7.599397,-2.325564,5.029541
2180710447,-7.587422,-2.1746778,5.0091834
2180710457,-7.453301,-2.0130138,5.124144
2180710467,-7.5023985,-2.254911,5.2498827
2180710477,-7.6556797,-2.2872436,5.3624487
2180710487,-7.7419004,-2.15432,5.3133507
2180710497,-7.611372,-2.1315675,5.330116
2180710506,-7.731123,-2.2992187,5.3133507
2180710516,-7.7993813,-2.2417383,5.3828063
2180710526,-7.7610607,-2.1088147,5.395979
2180710536,-7.66526,-1.9196081,5.2558703
2180710546,-7.625742,-1.8321899,5.0846267
2180710556,-7.5610766,-1.9267932,5.108577
2180710566,-7.644902,-1.8238074,5.21276
2180710576,-7.7047777,-1.9914588,5.2319202
2180710586,-7.728728,-1.9878662,5.273833
2180710595,-7.938292,-2.074087,5.247488
2180710605,-7.926317,-2.215393,5.3049684
2180710615,-7.8963795,-2.1459374,5.3361034
2180710625,-7.919132,-2.3040087,5.2331176
2180710635,-7.897577,-2.1686902,5.2319202
2180710645,-7.7466908,-2.0776794,5.271438
2180710655,-7.66047,-1.9770886,5.0163684
2180710665,-6.843768,5.9767714,2.762655
2180710674,-7.8963795,-7.397018,6.644982
2180710684,-9.177715,-2.7890003,5.6821837
2180710694,-7.836504,-0.9807605,4.511019
2180710704,-6.5934887,-1.2202624,4.9061975
2180710714,-8.356223,-2.503993,5.2630553
2180710724,-8.666378,-2.5578809,5.52531
2180710734,-8.081993,-2.2932312,5.166057
2180710744,-7.7179503,-1.9232007,5.1145644
2180710754,-7.747888,-1.6477734,5.292993
2180710763,-7.662865,-1.7651294,5.430707
2180710773,-7.740703,-1.9351758,5.405559
2180710783,-7.61257,-2.0932472,5.4821997
2180710793,-7.653285,-2.3016138,5.4259167
2180710803,-7.6796303,-2.4225624,5.503755
